SV_chrom,SV_start,SV_end,SV_length,SV_type,ID,REF,ALT,QUAL,FILTER,INFO,FORMAT,CytoBand,Gene_name,Frameshift,Exon_count,Location,Location2,ExResID,Caller,Ncallers
22,29299960,29300030,-70,DEL,MantaDEL:78945:0:0:0:0:0,GTTGGGAGGAGCCAGGAAGGGGCACCTGGGGGCTCTGGAAGGGCTTCCTCACCCCTTCCCATTCTAACCGA,G,168,PASS,"END=29300030;SVTYPE=DEL;SVLEN=-70;CIGAR=1M70D;CIPOS=0,70;HOMLEN=70;HOMSEQ=TTGGGAGGAGCCAGGAAGGGGCACCTGGGGGCTCTGGAAGGGCTTCCTCACCCCTTCCCATTCTAACCGA",GT:FT:GQ:PL:PR:SR,q12.2,EWSR1,no,17,intron16-intron16,CDS,ER019_SAR1N,Manta,1
16,29153539,88115662,-58962123,DEL,MantaDEL:51113:0:1:0:0:0,T,<DEL>,999,PASS,END=88115662;SVTYPE=DEL;SVLEN=-58962123;SVINSLEN=1;SVINSSEQ=T,GT:FT:GQ:PL:PR:SR,p11.2,FUS,no,15,txStart-txEnd,5'UTR-3'UTR,ER019_SAR1N,Manta,1
X,66329702,88864213,22534499,DUP,MantaDUP:TANDEM:3237:0:1:0:0:0,C,<DUP:TANDEM>,473,PASS,"END=88864201;SVTYPE=DUP;SVLEN=22534499;CIPOS=0,12;CIEND=0,12;HOMLEN=12;HOMSEQ=GGACCAATCAGC",GT:FT:GQ:PL:PR:SR,q13.1,ZMYM3,no,25,txStart-txEnd,5'UTR-3'UTR,ER019_SAR1N,Manta,1
21,38429549,38429599,-50,DEL,MantaDEL:87214:0:0:0:0:2,GTATATGTACATGTATACACATGTACATATATACATATGTGTATATGTACA,G,725,PASS,"END=38429599;SVTYPE=DEL;SVLEN=-50;CIGAR=1M50D;CIPOS=0,1;HOMLEN=1;HOMSEQ=T",GT:FT:GQ:PL:PR:SR,q22.2,ERG,no,12,intron4-intron4,CDS,ER019_SAR1N,Manta,1
21,38528422,38528746,-324,DEL,MantaDEL:2:20215:20230:0:0:0,GCCATAGCAAACTTTTTTTTTTTTTTTTTTTTTTTTTTTTTTTTGAGACGGAGTCTCGCTCTGTCGCCCAGGCTGGAGTGCAGTGGCGGGATCTCGGCTCACTGCAAGCTCCGCCTCCCGGGTTCACGCCATTCTCCTGCCTCAGCCTCCCAAGTAGCTGGGACTACAGGCACCCGCCACTACGCCCGGCTAATTTTTTTGTATTTTTAGTAGAGACGGGGTTTCACCTTGTTAGCCAGGATGGTCTCGATCTCCTGACCTCATGATCCACCCGCCTCGGCCTCCCAAAGTGCTGGGATTACAGGCGTGAGCCACCGCGCCCGGC,G,999,PASS,"END=38528746;SVTYPE=DEL;SVLEN=-324;CIGAR=1M324D;CIPOS=0,15;HOMLEN=15;HOMSEQ=CCATAGCAAACTTTT",GT:FT:GQ:PL:PR:SR,q22.2,ERG,no,12,intron3-intron3,CDS,ER019_SAR1N,Manta,1
11,128812821,128813515,-694,DEL,MantaDEL:32198:0:0:1:0:0,AGGACTTTATGGCTCATGCAGATTTTTAAGGTCATTTTTCTTCCCAAGGAAGAAACTTGCCTCCAGTTCCTTCACTGTTAGGTAGCTTATTTTCATTTTCTCTATTTTACAATGAAAAGAGTGAGACCTGGGAAGTCCTTGATTTGCAAGGAATTAGACTCACAGCATTGGTAACCCTAGAACCTTCTTAGGGTAACACTAAGTACCTTCTAGACAACATGTCTACCTAAATGAAATGGGATGTGTTTCGGAACATTTGTCTCCAGTTTTTTTTTAATCTTGCACCCTGCCATTTAAAAAGATGTGTAAAGCACATATTCTCAACATATGCACATTGATTTATAAATCATATATACAAACTGTTACATTATTCTTCATATTAGAAAACAAATACAAAATAGAACATTTTAAATGGTGATATAAAAATAAATTGAAACTGAAATTCTACTCTTTTCCTCCTATTTTCTCTATATTGAATATCCTCTGCTATTAACTCTCAAAACAAAGATGTTGGTCTTTAGTGAAAAAAGTGTATGCATGTACTGGATTTCTAGTGACTTCCAAGAAAGGAGAAAATTAAAACTTGGTATTAGTGGCCCAAGCATAGAAAGAGGAATGATGAAGGCCAGGTATGTTTAAGAACAAACTAGCTGAATTCTTTGGCAGATCTCCATCTTAGCCACGCAATTTCCCCA,AC,731,PASS,END=128813515;SVTYPE=DEL;SVLEN=-694;CIGAR=1M1I694D,GT:FT:GQ:PL:PR:SR,q24.3,FLI1,no,7,exon7-txEnd,3'UTR,ER019_SAR1N,Manta,1
21,38508013,38508014,439,INS,MantaINS:87227:0:0:2:0:0,A,ACAAACACACATGCACACACACAGACACACACACGCACATGCACACAGACACACACGCACATGCACACACACAGACACACAGACACACACACATGCACATACACAGACGCATAGACACATGCACAGAAGCACACAGACACATATACAGACACACACAGCATGCACACAGACCCACATACACATACACACAGACACACACATACACCCACACATGTGAAAACACACACACAAAGACACATACATACACACAGGTGCAAAGACAAACACACAGACACACATAAACACACATATATATACACAGATACACACACTGACACACACAAACATGCCCACAGACACATACACAGACACAAAGACAGACACACATACACATAGATGTATGCACACAGACACACAGAAGCACACAAACACAGACACACAAACACACAGGCACACAGAAG,999,PASS,"END=38508013;SVTYPE=INS;SVLEN=439;CIGAR=1M439I;CIPOS=0,2;HOMLEN=2;HOMSEQ=CA",GT:FT:GQ:PL:PR:SR,q22.2,ERG,no,12,intron3-intron3,CDS,ER019_SAR1N,Manta,3
X,11590920,40557356,28966436,INV,MantaINV:1729:0:1:1:0:0,A,<INV>,397,PASS,END=40557356;SVTYPE=INV;SVLEN=28966436;SVINSLEN=1;SVINSSEQ=G;INV5,GT:FT:GQ:PL:PR:SR,p11.4,BCOR,no,15,txStart-txEnd,5'UTR-3'UTR,ER019_SAR1N,Manta,1
9,1694479,33346408,31651909,INV,.,T,<INV>,.,PASS,"A=3;CIEND=-10,10;CIPOS=-10,10;CF=0;CW=0,0,1,0,0;D=0;DI=0;END=33346398;EV=0;I=0;SR=1;SS=1;SVLEN=31651909;SVTYPE=INV;T=0;TAGS=ER019_SAR1N;TF=1;U=0;V=2",GT:DP:SP,p24.1,CD274,no,7,txStart-txEnd,5'UTR-3'UTR,ER019_SAR1N,Wham,NA
9,1694479,33346408,31651909,INV,.,T,<INV>,.,PASS,"A=3;CIEND=-10,10;CIPOS=-10,10;CF=0;CW=0,0,1,0,0;D=0;DI=0;END=33346398;EV=0;I=0;SR=1;SS=1;SVLEN=31651909;SVTYPE=INV;T=0;TAGS=ER019_SAR1N;TF=1;U=0;V=2",GT:DP:SP,p24.1,PDCD1LG2,no,7,txStart-txEnd,5'UTR-3'UTR,ER019_SAR1N,Wham,NA
