"","SV_chrom","SV_start","SV_end","SV_length","SV_type","ID","REF","ALT","QUAL","FILTER","INFO","FORMAT","CytoBand","Gene_name","Frameshift","Exon_count","Location","Location2","ENCODE_blacklist_characteristics_left","ENCODE_blacklist_characteristics_right","ENCODE_blacklist_left","ENCODE_blacklist_right","ExResID","Caller","Ncallers","ACMG_class"
"1","22",29299960,29300030,-70,"DEL","MantaDEL:78945:0:0:0:0:0","GTTGGGAGGAGCCAGGAAGGGGCACCTGGGGGCTCTGGAAGGGCTTCCTCACCCCTTCCCATTCTAACCGA","G","168","PASS","END=29300030;SVTYPE=DEL;SVLEN=-70;CIGAR=1M70D;CIPOS=0,70;HOMLEN=70;HOMSEQ=TTGGGAGGAGCCAGGAAGGGGCACCTGGGGGCTCTGGAAGGGCTTCCTCACCCCTTCCCATTCTAACCGA","GT:FT:GQ:PL:PR:SR","q12.2","EWSR1","no",17,"intron16-intron16","CDS",NA,NA,NA,NA,"ER019_SAR1N","Manta",1,NA
"2","16",29153539,88115662,-58962123,"DEL","MantaDEL:51113:0:1:0:0:0","T","<DEL>","999","PASS","END=88115662;SVTYPE=DEL;SVLEN=-58962123;SVINSLEN=1;SVINSSEQ=T","GT:FT:GQ:PL:PR:SR","p11.2","FUS","no",15,"txStart-txEnd","5'UTR-3'UTR",NA,NA,NA,NA,"ER019_SAR1N","Manta",1,NA
"3","X",66329702,88864213,22534499,"DUP","MantaDUP:TANDEM:3237:0:1:0:0:0","C","<DUP:TANDEM>","473","PASS","END=88864201;SVTYPE=DUP;SVLEN=22534499;CIPOS=0,12;CIEND=0,12;HOMLEN=12;HOMSEQ=GGACCAATCAGC","GT:FT:GQ:PL:PR:SR","q13.1","ZMYM3","no",25,"txStart-txEnd","5'UTR-3'UTR",NA,NA,NA,NA,"ER019_SAR1N","Manta",1,NA
"4","21",38429549,38429599,-50,"DEL","MantaDEL:87214:0:0:0:0:2","GTATATGTACATGTATACACATGTACATATATACATATGTGTATATGTACA","G","725","PASS","END=38429599;SVTYPE=DEL;SVLEN=-50;CIGAR=1M50D;CIPOS=0,1;HOMLEN=1;HOMSEQ=T","GT:FT:GQ:PL:PR:SR","q22.2","ERG","no",12,"intron4-intron4","CDS",NA,NA,NA,NA,"ER019_SAR1N","Manta",1,NA
"5","21",38528422,38528746,-324,"DEL","MantaDEL:2:20215:20230:0:0:0","GCCATAGCAAACTTTTTTTTTTTTTTTTTTTTTTTTTTTTTTTTGAGACGGAGTCTCGCTCTGTCGCCCAGGCTGGAGTGCAGTGGCGGGATCTCGGCTCACTGCAAGCTCCGCCTCCCGGGTTCACGCCATTCTCCTGCCTCAGCCTCCCAAGTAGCTGGGACTACAGGCACCCGCCACTACGCCCGGCTAATTTTTTTGTATTTTTAGTAGAGACGGGGTTTCACCTTGTTAGCCAGGATGGTCTCGATCTCCTGACCTCATGATCCACCCGCCTCGGCCTCCCAAAGTGCTGGGATTACAGGCGTGAGCCACCGCGCCCGGC","G","999","PASS","END=38528746;SVTYPE=DEL;SVLEN=-324;CIGAR=1M324D;CIPOS=0,15;HOMLEN=15;HOMSEQ=CCATAGCAAACTTTT","GT:FT:GQ:PL:PR:SR","q22.2","ERG","no",12,"intron3-intron3","CDS",NA,NA,NA,NA,"ER019_SAR1N","Manta",1,NA
"6","11",128812821,128813515,-694,"DEL","MantaDEL:32198:0:0:1:0:0","AGGACTTTATGGCTCATGCAGATTTTTAAGGTCATTTTTCTTCCCAAGGAAGAAACTTGCCTCCAGTTCCTTCACTGTTAGGTAGCTTATTTTCATTTTCTCTATTTTACAATGAAAAGAGTGAGACCTGGGAAGTCCTTGATTTGCAAGGAATTAGACTCACAGCATTGGTAACCCTAGAACCTTCTTAGGGTAACACTAAGTACCTTCTAGACAACATGTCTACCTAAATGAAATGGGATGTGTTTCGGAACATTTGTCTCCAGTTTTTTTTTAATCTTGCACCCTGCCATTTAAAAAGATGTGTAAAGCACATATTCTCAACATATGCACATTGATTTATAAATCATATATACAAACTGTTACATTATTCTTCATATTAGAAAACAAATACAAAATAGAACATTTTAAATGGTGATATAAAAATAAATTGAAACTGAAATTCTACTCTTTTCCTCCTATTTTCTCTATATTGAATATCCTCTGCTATTAACTCTCAAAACAAAGATGTTGGTCTTTAGTGAAAAAAGTGTATGCATGTACTGGATTTCTAGTGACTTCCAAGAAAGGAGAAAATTAAAACTTGGTATTAGTGGCCCAAGCATAGAAAGAGGAATGATGAAGGCCAGGTATGTTTAAGAACAAACTAGCTGAATTCTTTGGCAGATCTCCATCTTAGCCACGCAATTTCCCCA","AC","731","PASS","END=128813515;SVTYPE=DEL;SVLEN=-694;CIGAR=1M1I694D","GT:FT:GQ:PL:PR:SR","q24.3","FLI1","no",7,"exon7-txEnd","3'UTR",NA,NA,NA,NA,"ER019_SAR1N","Manta",1,NA
"7","21",38508013,38508014,439,"INS","MantaINS:87227:0:0:2:0:0","A","ACAAACACACATGCACACACACAGACACACACACGCACATGCACACAGACACACACGCACATGCACACACACAGACACACAGACACACACACATGCACATACACAGACGCATAGACACATGCACAGAAGCACACAGACACATATACAGACACACACAGCATGCACACAGACCCACATACACATACACACAGACACACACATACACCCACACATGTGAAAACACACACACAAAGACACATACATACACACAGGTGCAAAGACAAACACACAGACACACATAAACACACATATATATACACAGATACACACACTGACACACACAAACATGCCCACAGACACATACACAGACACAAAGACAGACACACATACACATAGATGTATGCACACAGACACACAGAAGCACACAAACACAGACACACAAACACACAGGCACACAGAAG","999","PASS","END=38508013;SVTYPE=INS;SVLEN=439;CIGAR=1M439I;CIPOS=0,2;HOMLEN=2;HOMSEQ=CA","GT:FT:GQ:PL:PR:SR","q22.2","ERG","no",12,"intron3-intron3","CDS",NA,NA,NA,NA,"ER019_SAR1N","Manta",3,NA
"8","X",11590920,40557356,28966436,"INV","MantaINV:1729:0:1:1:0:0","A","<INV>","397","PASS","END=40557356;SVTYPE=INV;SVLEN=28966436;SVINSLEN=1;SVINSSEQ=G;INV5","GT:FT:GQ:PL:PR:SR","p11.4","BCOR","no",15,"txStart-txEnd","5'UTR-3'UTR",NA,NA,NA,NA,"ER019_SAR1N","Manta",1,NA
"9","1",65590258,213271483,-147681225,"DEL","MantaDEL:163723:0:1:0:0:0","T","<DEL>","57","PASS","END=213271483;SVTYPE=DEL;SVLEN=-147681225","GT:FT:GQ:PL:PR:SR","p13.2","NRAS","no",7,"txStart-txEnd","5'UTR-3'UTR",NA,NA,NA,NA,"ER108_MEL5N","Manta",3,NA
"10","12",25803275,103966014,78162739,"DUP","MantaDUP:TANDEM:18033:0:2:0:0:0","G","<DUP:TANDEM>","62","PASS","END=103966014;SVTYPE=DUP;SVLEN=78162739;SVINSLEN=1;SVINSSEQ=A","GT:FT:GQ:PL:PR:SR","q14.1","CDK4","no",8,"txStart-txEnd","5'UTR-3'UTR",NA,NA,NA,NA,"ER108_MEL5N","Manta",3,NA
"11","3",52803269,144969042,92165766,"DUP","MantaDUP:TANDEM:80418:1:2:0:3:0","T","<DUP:TANDEM>","529","PASS","END=144969035;SVTYPE=DUP;SVLEN=92165766;CIPOS=0,7;CIEND=0,7;HOMLEN=7;HOMSEQ=ATTTATT","GT:FT:GQ:PL:PR:SR","p13","MITF","no",10,"txStart-txEnd","5'UTR-3'UTR",NA,NA,NA,NA,"ER108_MEL5N","Manta",3,NA
"12","3",31359164,115305404,83946240,"INV","MantaINV:5:28046:28047:1:0:0","T","<INV>","247","PASS","END=115305404;SVTYPE=INV;SVLEN=83946240;INV5","GT:FT:GQ:PL:PR:SR","p21.1","BAP1","no",17,"txStart-txEnd","5'UTR-3'UTR",NA,NA,NA,NA,"ER108_MEL5N","Manta",2,NA
"13","3",31359164,115305404,83946240,"INV","MantaINV:5:28046:28047:1:0:0","T","<INV>","247","PASS","END=115305404;SVTYPE=INV;SVLEN=83946240;INV5","GT:FT:GQ:PL:PR:SR","p13","MITF","no",10,"txStart-txEnd","5'UTR-3'UTR",NA,NA,NA,NA,"ER108_MEL5N","Manta",NA,NA
"14","7",125022559,147874512,22851953,"INV","MantaINV:96055:0:1:0:0:0","G","<INV>","999","PASS","END=147874512;SVTYPE=INV;SVLEN=22851953;SVINSLEN=1;SVINSSEQ=C;INV5","GT:FT:GQ:PL:PR:SR","q34","BRAF","no",20,"txStart-txEnd","5'UTR-3'UTR",NA,NA,NA,NA,"ER108_MEL5N","Manta",NA,NA
"15","9",77894364,77894366,204,"INS","MantaINS:176950:0:0:0:0:0","ATA","AATATATATATTTAATAGAAAATATATAATATATATTTAATAGAAAATATATATAATATATATATTTAATAGAAAAAATATATAATATATATATTTAATAGAAAAATATATATATTATATATAATTTAATATTAAATATATATATAATATATATATTTAATATTAAAATATATATAATATATATATTTAATAGAAAAAATATATT","999","PASS","END=77894366;SVTYPE=INS;SVLEN=204;CIGAR=1M204I2D","GT:FT:GQ:PL:PR:SR","q21.2","GNAQ","no",7,"intron2-intron2","CDS",NA,NA,NA,NA,"ER108_MEL5N","Manta",NA,NA
"16","3",69964323,69964736,-413,"DEL","MantaDEL:121654:0:0:0:0:0","GTGAGAGACCATCTCTATTTTTCATACATAATCAAATCTATAAAACACCTAAAAATTTATTTCACATACTGCCAGTGGTACTTCTCCTATACTTTAGAACATACAGAGCTCATTAATTTAAAAGAACAAAAAACTTTTATTTTGAGGATTTATTGTTTTCCAAGTATCTGATTTTTAAAAATAGACTTTATTTTTCAGGACAGTTTTTGGTTCACAGTAAAATTGAAATGAAGCTGCAGATATTTCCCATACACCTCATTCCCCCAAGCACGCACAGCCTTCCCCATTATCAACATTCCCTACCAGAGTGGCACATTTATTAGAATCAATGAACCCGCAGTGACATTTCATTATCCTCCAAAGTCTATACTTTACATTCCCTCTGGTATTGTACATTTTGTGGGTTTGGCCAAA","G","218","PASS","END=69964736;SVTYPE=DEL;SVLEN=-413;CIGAR=1M413D;CIPOS=0,2;HOMLEN=2;HOMSEQ=TG","GT:FT:GQ:PL:PR:SR","p13","MITF","no",10,"intron9-intron9","CDS",NA,NA,NA,NA,"ER118_MEL6N","Manta",1,NA
"17","5",1276654,1276707,-53,"DEL","MantaDEL:97519:0:0:0:0:0","ACCAATCCCACAGATCCCCACCTACCCCACACATGAAAACCAATTCCACCAATC","A","999","PASS","END=1276707;SVTYPE=DEL;SVLEN=-53;CIGAR=1M53D;CIPOS=0,2;HOMLEN=2;HOMSEQ=CC","GT:FT:GQ:PL:PR:SR","p15.33","TERT","no",15,"intron6-intron6","CDS",NA,NA,NA,NA,"ER118_MEL6N","Manta",1,NA
"18","1",109055426,181078284,72022858,"INV","MantaINV:4:12608:29050:0:0:0","T","<INV>","991","PASS","END=181078284;SVTYPE=INV;SVLEN=72022858;SVINSLEN=2;SVINSSEQ=TT;INV3","GT:FT:GQ:PL:PR:SR","p13.2","NRAS","no",7,"txStart-txEnd","5'UTR-3'UTR",NA,NA,NA,NA,"ER118_MEL6N","Manta",1,NA
"19","3",45133489,124612448,79478959,"INV","MantaINV:19477:3:14:0:1:0","C","<INV>","999","PASS","END=124612448;SVTYPE=INV;SVLEN=79478959;CIPOS=0,2;CIEND=-2,0;HOMLEN=2;HOMSEQ=GG;INV3","GT:FT:GQ:PL:PR:SR","p21.1","BAP1","no",17,"txStart-txEnd","5'UTR-3'UTR",NA,NA,NA,NA,"ER118_MEL6N","Manta",1,NA
"20","3",45133489,124612448,79478959,"INV","MantaINV:19477:3:14:0:1:0","C","<INV>","999","PASS","END=124612448;SVTYPE=INV;SVLEN=79478959;CIPOS=0,2;CIEND=-2,0;HOMLEN=2;HOMSEQ=GG;INV3","GT:FT:GQ:PL:PR:SR","p13","MITF","no",10,"txStart-txEnd","5'UTR-3'UTR",NA,NA,NA,NA,"ER118_MEL6N","Manta",1,NA
"21","7",67019024,139641097,72622073,"INV","MantaINV:4865:5:19:0:0:0","C","<INV>","568","PASS","END=139641097;SVTYPE=INV;SVLEN=72622073;CIPOS=0,4;CIEND=-4,0;HOMLEN=4;HOMSEQ=CCAC;INV5","GT:FT:GQ:PL:PR:SR","q31.33","POT1","no",19,"txStart-txEnd","5'UTR-3'UTR",NA,NA,NA,NA,"ER118_MEL6N","Manta",3,NA
"22","7",125022559,147874512,22851953,"INV","MantaINV:84529:0:1:0:0:0","G","<INV>","514","PASS","END=147874512;SVTYPE=INV;SVLEN=22851953;SVINSLEN=1;SVINSSEQ=C;INV5","GT:FT:GQ:PL:PR:SR","q34","BRAF","no",20,"txStart-txEnd","5'UTR-3'UTR",NA,NA,NA,NA,"ER118_MEL6N","Manta",1,NA
"23","3",52803266,144969042,92165770,"DUP","MantaDUP:TANDEM:98784:1:2:0:2:0","T","<DUP:TANDEM>","486","PASS","END=144969036;SVTYPE=DUP;SVLEN=92165770;CIPOS=0,6;CIEND=0,6;HOMLEN=6;HOMSEQ=TTTATT","GT:FT:GQ:PL:PR:SR","p13","MITF","no",10,"txStart-txEnd","5'UTR-3'UTR",NA,NA,NA,NA,"ER095_MEL3N","Manta",2,NA
"24","9",21981197,25406893,-3425696,"DEL","MantaDEL:26630:1:21:0:1:0","T","<DEL>","277","PASS","END=25406893;SVTYPE=DEL;SVLEN=-3425696;SVINSLEN=3;SVINSSEQ=GTG","GT:FT:GQ:PL:PR:SR","p21.3","CDKN2A","yes",3,"txStart-intron1","5'UTR-CDS",NA,NA,NA,NA,"ER095_MEL3N","Manta",3,NA
"25","5",1277608,1277667,-59,"DEL","MantaDEL:103541:0:0:0:0:0","GGGGGGGTCTCCTGGGCTCTGGTGACTTTCTACACCCGGGCACAGGTGGGCGGTGGGGAC","G","198","PASS","END=1277667;SVTYPE=DEL;SVLEN=-59;CIGAR=1M59D;CIPOS=0,6;HOMLEN=6;HOMSEQ=GGGGGG","GT:FT:GQ:PL:PR:SR","p15.33","TERT","no",15,"intron6-intron6","CDS",NA,NA,NA,NA,"ER095_MEL3N","Manta",1,NA
"26","7",140818892,140820736,1842,"DUP","MantaDUP:TANDEM:90774:0:1:0:0:0","C","<DUP:TANDEM>","367","PASS","END=140820734;SVTYPE=DUP;SVLEN=1842;CIPOS=0,2;CIEND=0,2;HOMLEN=2;HOMSEQ=TT","GT:FT:GQ:PL:PR:SR","q34","BRAF","no",18,"intron3-intron3","CDS",NA,NA,NA,NA,"ER095_MEL3N","Manta",3,NA
"27","4",54711649,54711726,-77,"DEL","MantaDEL:117250:0:0:0:0:0","CGGTGGCTCACGCCTGTAATCCCAGCACTTTGGGAGGCCGAAGCAGGTGGATAACCTGAGGTTGGGAGTTCGAGACCA","CCTT","999","PASS","END=54711726;SVTYPE=DEL;SVLEN=-77;CIGAR=1M3I77D","GT:FT:GQ:PL:PR:SR","q12","KIT","no",21,"intron7-intron7","CDS",NA,NA,NA,NA,"ER095_MEL3N","Manta",2,NA
"28","5",1276654,1276707,-53,"DEL","MantaDEL:103521:0:0:0:0:0","ACCAATCCCACAGATCCCCACCTACCCCACACATGAAAACCAATTCCACCAATC","A","999","PASS","END=1276707;SVTYPE=DEL;SVLEN=-53;CIGAR=1M53D;CIPOS=0,2;HOMLEN=2;HOMSEQ=CC","GT:FT:GQ:PL:PR:SR","p15.33","TERT","no",15,"intron6-intron6","CDS",NA,NA,NA,NA,"ER095_MEL3N","Manta",1,NA
"29","7",140908786,140909003,-217,"DEL","MantaDEL:90776:0:0:0:0:0","CTTTAGATGAACTCTAGGACTTGATTTCTGTCCTCTTCACCCCAATGGTCCACCAAAACCAAAGCCCAACTTGTACAGATTGGCAACTGCCTTTAGGGCAAAAGCTACTTCATCCACTTATTTATTTGGATTCTTGTTTATTCCTAGAATTTGGCCTGGCAGCTCCCCACTATCTTTTCAGCTCTGCAACTGCTCTACGTTTTCTTTTTTTTTTTTTT","C","317","PASS","END=140909003;SVTYPE=DEL;SVLEN=-217;CIGAR=1M217D;CIPOS=0,3;HOMLEN=3;HOMSEQ=TTT","GT:FT:GQ:PL:PR:SR","q34","BRAF","no",18,"intron1-intron1","CDS",NA,NA,NA,NA,"ER095_MEL3N","Manta",2,NA
"30","10",57142439,96751575,39609136,"INV","MantaINV:4:32548:32550:1:2:0","T","<INV>","27","PASS","END=96751575;SVTYPE=INV;SVLEN=39609136;SVINSLEN=25;SVINSSEQ=CAAAAAAAAAAAAAAAAAAAAAAAA;INV5","GT:FT:GQ:PL:PR:SR","q23.31","PTEN","no",10,"txStart-txEnd","5'UTR-3'UTR",NA,NA,NA,NA,"ER095_MEL3N","Manta",1,NA
"31","3",36797668,190439200,153641532,"INV","MantaINV:4:31328:31329:0:0:0","T","<INV>","82","PASS","END=190439200;SVTYPE=INV;SVLEN=153641532;SVINSLEN=2;SVINSSEQ=TT;INV3","GT:FT:GQ:PL:PR:SR","p21.1","BAP1","no",17,"txStart-txEnd","5'UTR-3'UTR",NA,NA,NA,NA,"ER095_MEL3N","Manta",3,NA
"32","3",36797668,190439200,153641532,"INV","MantaINV:4:31328:31329:0:0:0","T","<INV>","82","PASS","END=190439200;SVTYPE=INV;SVLEN=153641532;SVINSLEN=2;SVINSSEQ=TT;INV3","GT:FT:GQ:PL:PR:SR","p13","MITF","no",10,"txStart-txEnd","5'UTR-3'UTR",NA,NA,NA,NA,"ER095_MEL3N","Manta",0,NA
"33","3",45133489,124612448,79478959,"INV","MantaINV:64252:4:13:0:1:0","C","<INV>","999","PASS","END=124612448;SVTYPE=INV;SVLEN=79478959;CIPOS=0,2;CIEND=-2,0;HOMLEN=2;HOMSEQ=GG;INV3","GT:FT:GQ:PL:PR:SR","p21.1","BAP1","no",17,"txStart-txEnd","5'UTR-3'UTR",NA,NA,NA,NA,"ER095_MEL3N","Manta",3,NA
"34","3",45133489,124612448,79478959,"INV","MantaINV:64252:4:13:0:1:0","C","<INV>","999","PASS","END=124612448;SVTYPE=INV;SVLEN=79478959;CIPOS=0,2;CIEND=-2,0;HOMLEN=2;HOMSEQ=GG;INV3","GT:FT:GQ:PL:PR:SR","p13","MITF","no",10,"txStart-txEnd","5'UTR-3'UTR",NA,NA,NA,NA,"ER095_MEL3N","Manta",1,NA
"35","5",243442,1584233,1339736,"INV","MantaINV:103399:0:1:0:0:0","G","<INV>","106","PASS","END=1583604;SVTYPE=INV;SVLEN=1339736;IMPRECISE;CIPOS=-426,426;CIEND=-628,629;INV5","GT:FT:GQ:PL:PR","p15.33","TERT","no",16,"txStart-txEnd","5'UTR-3'UTR",NA,NA,NA,NA,"ER095_MEL3N","Manta",NA,NA
"36","7",125022559,147874512,22851953,"INV","MantaINV:89793:0:1:0:0:0","G","<INV>","966","PASS","END=147874512;SVTYPE=INV;SVLEN=22851953;SVINSLEN=1;SVINSSEQ=C;INV5","GT:FT:GQ:PL:PR:SR","q34","BRAF","no",20,"txStart-txEnd","5'UTR-3'UTR",NA,NA,NA,NA,"ER095_MEL3N","Manta",NA,NA
"37","9",77894364,77894366,204,"INS","MantaINS:167101:0:0:0:0:0","ATA","AATATATATATTTAATAGAAAATATATAATATATATTTAATAGAAAATATATATAATATATATATTTAATAGAAAAAATATATAATATATATATTTAATAGAAAAATATATATATTATATATAATTTAATATTAAATATATATATAATATATATATTTAATATTAAAATATATATAATATATATATTTAATAGAAAAAATATATT","999","PASS","END=77894366;SVTYPE=INS;SVLEN=204;CIGAR=1M204I2D","GT:FT:GQ:PL:PR:SR","q21.2","GNAQ","no",7,"intron2-intron2","CDS",NA,NA,NA,NA,"ER095_MEL3N","Manta",NA,NA
"38","1",65590258,213271483,-147681225,"DEL","MantaDEL:11276:33:34:0:0:0","T","<DEL>","462","PASS","END=213271483;SVTYPE=DEL;SVLEN=-147681225","GT:FT:GQ:PL:PR:SR","p13.2","NRAS","no",7,"txStart-txEnd","5'UTR-3'UTR",NA,NA,NA,NA,"ER057_MEL2N","Manta",1,NA
"39","12",19297338,98492576,79195238,"DUP","MantaDUP:TANDEM:1:19972:19973:0:0:0","A","<DUP:TANDEM>","407","PASS","END=98492576;SVTYPE=DUP;SVLEN=79195238;SVINSLEN=3;SVINSSEQ=ATC","GT:FT:GQ:PL:PR:SR","q14.1","CDK4","no",8,"txStart-txEnd","5'UTR-3'UTR",NA,NA,NA,NA,"ER057_MEL2N","Manta",1,NA
"40","3",961087,184713008,183751904,"DUP","MantaDUP:TANDEM:40902:2:7:0:0:0","T","<DUP:TANDEM>","224","PASS","END=184712991;SVTYPE=DUP;SVLEN=183751904;CIPOS=0,17;CIEND=0,17;HOMLEN=17;HOMSEQ=CCTTCCTTCCTTCCTTC","GT:FT:GQ:PL:PR:SR","p21.1","BAP1","no",17,"txStart-txEnd","5'UTR-3'UTR",NA,NA,NA,NA,"ER057_MEL2N","Manta",1,NA
"41","3",961087,184713008,183751904,"DUP","MantaDUP:TANDEM:40902:2:7:0:0:0","T","<DUP:TANDEM>","224","PASS","END=184712991;SVTYPE=DUP;SVLEN=183751904;CIPOS=0,17;CIEND=0,17;HOMLEN=17;HOMSEQ=CCTTCCTTCCTTCCTTC","GT:FT:GQ:PL:PR:SR","p13","MITF","no",10,"txStart-txEnd","5'UTR-3'UTR",NA,NA,NA,NA,"ER057_MEL2N","Manta",1,NA
"42","3",52803269,144969042,92165766,"DUP","MantaDUP:TANDEM:70076:1:3:0:1:0","T","<DUP:TANDEM>","506","PASS","END=144969035;SVTYPE=DUP;SVLEN=92165766;CIPOS=0,7;CIEND=0,7;HOMLEN=7;HOMSEQ=ATTTATT","GT:FT:GQ:PL:PR:SR","p13","MITF","no",10,"txStart-txEnd","5'UTR-3'UTR",NA,NA,NA,NA,"ER057_MEL2N","Manta",1,NA
"43","9",77452059,96157894,-18704835,"DEL","MantaDEL:1:10397:11126:0:0:0","G","<DEL>","47","PASS","END=96157532;SVTYPE=DEL;SVLEN=-18704835;IMPRECISE;CIPOS=-638,638;CIEND=-361,362","GT:FT:GQ:PL:PR","q21.2","GNAQ","no",7,"txStart-txEnd","5'UTR-3'UTR",NA,NA,NA,NA,"ER057_MEL2N","Manta",1,NA
"44","3",69964323,69964736,-413,"DEL","MantaDEL:136129:0:0:0:0:0","GTGAGAGACCATCTCTATTTTTCATACATAATCAAATCTATAAAACACCTAAAAATTTATTTCACATACTGCCAGTGGTACTTCTCCTATACTTTAGAACATACAGAGCTCATTAATTTAAAAGAACAAAAAACTTTTATTTTGAGGATTTATTGTTTTCCAAGTATCTGATTTTTAAAAATAGACTTTATTTTTCAGGACAGTTTTTGGTTCACAGTAAAATTGAAATGAAGCTGCAGATATTTCCCATACACCTCATTCCCCCAAGCACGCACAGCCTTCCCCATTATCAACATTCCCTACCAGAGTGGCACATTTATTAGAATCAATGAACCCGCAGTGACATTTCATTATCCTCCAAAGTCTATACTTTACATTCCCTCTGGTATTGTACATTTTGTGGGTTTGGCCAAA","G","816","PASS","END=69964736;SVTYPE=DEL;SVLEN=-413;CIGAR=1M413D;CIPOS=0,2;HOMLEN=2;HOMSEQ=TG","GT:FT:GQ:PL:PR:SR","p13","MITF","no",10,"intron9-intron9","CDS",NA,NA,NA,NA,"ER057_MEL2N","Manta",2,NA
"45","4",54711649,54711726,-77,"DEL","MantaDEL:123420:0:0:0:0:0","CGGTGGCTCACGCCTGTAATCCCAGCACTTTGGGAGGCCGAAGCAGGTGGATAACCTGAGGTTGGGAGTTCGAGACCA","CCTT","305","PASS","END=54711726;SVTYPE=DEL;SVLEN=-77;CIGAR=1M3I77D","GT:FT:GQ:PL:PR:SR","q12","KIT","no",21,"intron7-intron7","CDS",NA,NA,NA,NA,"ER057_MEL2N","Manta",1,NA
"46","5",1276654,1276707,-53,"DEL","MantaDEL:108894:0:0:0:0:0","ACCAATCCCACAGATCCCCACCTACCCCACACATGAAAACCAATTCCACCAATC","A","999","PASS","END=1276707;SVTYPE=DEL;SVLEN=-53;CIGAR=1M53D;CIPOS=0,2;HOMLEN=2;HOMSEQ=CC","GT:FT:GQ:PL:PR:SR","p15.33","TERT","no",15,"intron6-intron6","CDS",NA,NA,NA,NA,"ER057_MEL2N","Manta",1,NA
"47","10",129618768,129618771,55,"INS","MantaINS:40809:0:0:0:0:1","TTTT","TCAATATAATGCTATATTCAATATAAATATATTGCTATATTCAATTGAAACTGGGA","932","PASS","END=129618771;SVTYPE=INS;SVLEN=55;CIGAR=1M55I3D","GT:FT:GQ:PL:PR:SR","q26.3","MGMT","no",5,"intron2-intron2","CDS",NA,NA,NA,NA,"ER057_MEL2N","Manta",2,NA
"48","3",45133489,124612448,79478959,"INV","MantaINV:66731:1:5:0:1:0","C","<INV>","999","PASS","END=124612448;SVTYPE=INV;SVLEN=79478959;CIPOS=0,2;CIEND=-2,0;HOMLEN=2;HOMSEQ=GG;INV3","GT:FT:GQ:PL:PR:SR","p21.1","BAP1","no",17,"txStart-txEnd","5'UTR-3'UTR",NA,NA,NA,NA,"ER057_MEL2N","Manta",NA,NA
"49","3",45133489,124612448,79478959,"INV","MantaINV:66731:1:5:0:1:0","C","<INV>","999","PASS","END=124612448;SVTYPE=INV;SVLEN=79478959;CIPOS=0,2;CIEND=-2,0;HOMLEN=2;HOMSEQ=GG;INV3","GT:FT:GQ:PL:PR:SR","p13","MITF","no",10,"txStart-txEnd","5'UTR-3'UTR",NA,NA,NA,NA,"ER057_MEL2N","Manta",NA,NA
"50","5",262392,1570391,1307154,"INV","MantaINV:108751:0:1:0:0:0","A","<INV>","33","PASS","END=1569884;SVTYPE=INV;SVLEN=1307154;IMPRECISE;CIPOS=-338,339;CIEND=-507,507;INV3","GT:FT:GQ:PL:PR","p15.33","TERT","no",16,"txStart-txEnd","5'UTR-3'UTR",NA,NA,NA,NA,"ER057_MEL2N","Manta",NA,NA
"51","7",28838232,139521081,110682849,"INV","MantaINV:1:15642:15644:0:0:0","C","<INV>","235","PASS","END=139521081;SVTYPE=INV;SVLEN=110682849;SVINSLEN=1;SVINSSEQ=C;INV3","GT:FT:GQ:PL:PR:SR","q31.33","POT1","no",19,"txStart-txEnd","5'UTR-3'UTR",NA,NA,NA,NA,"ER057_MEL2N","Manta",NA,NA
"52","9",181827,65673762,65491935,"INV","MantaINV:172553:0:1:0:0:0","A","<INV>","560","PASS","END=65673762;SVTYPE=INV;SVLEN=65491935;CIPOS=0,2;CIEND=-2,0;HOMLEN=2;HOMSEQ=CA;INV5","GT:FT:GQ:PL:PR:SR","p21.3","CDKN2A","no",4,"txStart-txEnd","5'UTR-3'UTR",NA,NA,NA,NA,"ER057_MEL2N","Manta",NA,NA
"53","9",77894364,77894366,204,"INS","MantaINS:176152:0:0:0:0:0","ATA","AATATATATATTTAATAGAAAATATATAATATATATTTAATAGAAAATATATATAATATATATATTTAATAGAAAAAATATATAATATATATATTTAATAGAAAAATATATATATTATATATAATTTAATATTAAATATATATATAATATATATATTTAATATTAAAATATATATAATATATATATTTAATAGAAAAAATATATT","999","PASS","END=77894366;SVTYPE=INS;SVLEN=204;CIGAR=1M204I2D","GT:FT:GQ:PL:PR:SR","q21.2","GNAQ","no",7,"intron2-intron2","CDS",NA,NA,NA,NA,"ER057_MEL2N","Manta",NA,NA
"54","3",10365127,132882512,122516499,"DUP","MantaDUP:TANDEM:87181:2:3:1:0:0","T","<DUP:TANDEM>","64","PASS","END=132882161;SVTYPE=DUP;SVLEN=122516499;IMPRECISE;CIPOS=-535,536;CIEND=-351,351","GT:FT:GQ:PL:PR","p21.1","BAP1","no",17,"txStart-txEnd","5'UTR-3'UTR",NA,NA,NA,NA,"ER052_MEL1N","Manta",1,"full=5"
"55","3",10365127,132882512,122516499,"DUP","MantaDUP:TANDEM:87181:2:3:1:0:0","T","<DUP:TANDEM>","64","PASS","END=132882161;SVTYPE=DUP;SVLEN=122516499;IMPRECISE;CIPOS=-535,536;CIEND=-351,351","GT:FT:GQ:PL:PR","p13","MITF","no",10,"txStart-txEnd","5'UTR-3'UTR",NA,NA,NA,NA,"ER052_MEL1N","Manta",1,"full=5"
"56","3",42349189,103099694,-60750505,"DEL","MantaDEL:137313:0:1:0:2:0","T","<DEL>","647","PASS","END=103099694;SVTYPE=DEL;SVLEN=-60750505;SVINSLEN=5;SVINSSEQ=CTTTC","GT:FT:GQ:PL:PR:SR","p21.1","BAP1","no",17,"txStart-txEnd","5'UTR-3'UTR",NA,NA,NA,NA,"ER052_MEL1N","Manta",1,"full=5"
"57","3",42349189,103099694,-60750505,"DEL","MantaDEL:137313:0:1:0:2:0","T","<DEL>","647","PASS","END=103099694;SVTYPE=DEL;SVLEN=-60750505;SVINSLEN=5;SVINSSEQ=CTTTC","GT:FT:GQ:PL:PR:SR","p13","MITF","no",10,"txStart-txEnd","5'UTR-3'UTR",NA,NA,NA,NA,"ER052_MEL1N","Manta",1,"full=5"
"58","3",52803266,144969042,92165770,"DUP","MantaDUP:TANDEM:98824:1:2:0:0:0","T","<DUP:TANDEM>","695","PASS","END=144969036;SVTYPE=DUP;SVLEN=92165770;CIPOS=0,6;CIEND=0,6;HOMLEN=6;HOMSEQ=TTTATT","GT:FT:GQ:PL:PR:SR","p13","MITF","no",10,"txStart-txEnd","5'UTR-3'UTR",NA,NA,NA,NA,"ER052_MEL1N","Manta",1,"full=5"
"59","3",69964323,69964736,-413,"DEL","MantaDEL:138991:0:0:0:0:0","GTGAGAGACCATCTCTATTTTTCATACATAATCAAATCTATAAAACACCTAAAAATTTATTTCACATACTGCCAGTGGTACTTCTCCTATACTTTAGAACATACAGAGCTCATTAATTTAAAAGAACAAAAAACTTTTATTTTGAGGATTTATTGTTTTCCAAGTATCTGATTTTTAAAAATAGACTTTATTTTTCAGGACAGTTTTTGGTTCACAGTAAAATTGAAATGAAGCTGCAGATATTTCCCATACACCTCATTCCCCCAAGCACGCACAGCCTTCCCCATTATCAACATTCCCTACCAGAGTGGCACATTTATTAGAATCAATGAACCCGCAGTGACATTTCATTATCCTCCAAAGTCTATACTTTACATTCCCTCTGGTATTGTACATTTTGTGGGTTTGGCCAAA","G","999","PASS","END=69964736;SVTYPE=DEL;SVLEN=-413;CIGAR=1M413D;CIPOS=0,2;HOMLEN=2;HOMSEQ=TG","GT:FT:GQ:PL:PR:SR","p13","MITF","no",10,"intron9-intron9","CDS",NA,NA,NA,NA,"ER052_MEL1N","Manta",1,"full=1"
"60","4",54711649,54711726,-77,"DEL","MantaDEL:125725:0:0:0:0:0","CGGTGGCTCACGCCTGTAATCCCAGCACTTTGGGAGGCCGAAGCAGGTGGATAACCTGAGGTTGGGAGTTCGAGACCA","CCTT","350","PASS","END=54711726;SVTYPE=DEL;SVLEN=-77;CIGAR=1M3I77D","GT:FT:GQ:PL:PR:SR","q12","KIT","no",21,"intron7-intron7","CDS",NA,NA,NA,NA,"ER052_MEL1N","Manta",1,"full=1"
"61","5",1276654,1276707,-53,"DEL","MantaDEL:110919:0:0:0:0:0","ACCAATCCCACAGATCCCCACCTACCCCACACATGAAAACCAATTCCACCAATC","A","688","PASS","END=1276707;SVTYPE=DEL;SVLEN=-53;CIGAR=1M53D;CIPOS=0,2;HOMLEN=2;HOMSEQ=CC","GT:FT:GQ:PL:PR:SR","p15.33","TERT","no",15,"intron6-intron6","CDS",NA,NA,NA,NA,"ER052_MEL1N","Manta",1,"full=1"
"62","7",140871115,140871207,-92,"DEL","MantaDEL:97134:0:0:0:0:0","GCCTGTAGTACCAGGTACTCGGGAGGGTGACGCGGGAGAATGGCGTGAATCCGGGAGGCGGAGCTTGCAGTGAGCCGAGATCGCGCCACTACT","G","284","PASS","END=140871207;SVTYPE=DEL;SVLEN=-92;CIGAR=1M92D;CIPOS=0,2;HOMLEN=2;HOMSEQ=CC","GT:FT:GQ:PL:PR:SR","q34","BRAF","no",18,"intron1-intron1","CDS",NA,NA,NA,NA,"ER052_MEL1N","Manta",1,"full=1"
"63","3",36797654,190438908,153641254,"INV","MantaINV:7:40695:40696:1:0:0","T","<INV>","726","PASS","END=190438908;SVTYPE=INV;SVLEN=153641254;CIPOS=0,1;CIEND=-1,0;HOMLEN=1;HOMSEQ=G;INV5","GT:FT:GQ:PL:PR:SR","p21.1","BAP1","no",17,"txStart-txEnd","5'UTR-3'UTR",NA,NA,NA,NA,"ER052_MEL1N","Manta",1,"full=NA"
"64","3",36797654,190438908,153641254,"INV","MantaINV:7:40695:40696:1:0:0","T","<INV>","726","PASS","END=190438908;SVTYPE=INV;SVLEN=153641254;CIPOS=0,1;CIEND=-1,0;HOMLEN=1;HOMSEQ=G;INV5","GT:FT:GQ:PL:PR:SR","p13","MITF","no",10,"txStart-txEnd","5'UTR-3'UTR",NA,NA,NA,NA,"ER052_MEL1N","Manta",1,"full=NA"
"65","3",45133489,124612448,79478959,"INV","MantaINV:102649:1:4:0:1:0","C","<INV>","880","PASS","END=124612448;SVTYPE=INV;SVLEN=79478959;CIPOS=0,2;CIEND=-2,0;HOMLEN=2;HOMSEQ=GG;INV3","GT:FT:GQ:PL:PR:SR","p21.1","BAP1","no",17,"txStart-txEnd","5'UTR-3'UTR",NA,NA,NA,NA,"ER052_MEL1N","Manta",NA,"full=NA"
"66","3",45133489,124612448,79478959,"INV","MantaINV:102649:1:4:0:1:0","C","<INV>","880","PASS","END=124612448;SVTYPE=INV;SVLEN=79478959;CIPOS=0,2;CIEND=-2,0;HOMLEN=2;HOMSEQ=GG;INV3","GT:FT:GQ:PL:PR:SR","p13","MITF","no",10,"txStart-txEnd","5'UTR-3'UTR",NA,NA,NA,NA,"ER052_MEL1N","Manta",NA,"full=NA"
"67","3",69793503,69793504,78,"INS","MantaINS:138978:0:0:0:2:0","G","GCATGCACCCTCTCCAAATGCTCATAGCATGCACCCTCTCCCAATGCTCATAGCATGCACCCTCTCCCAATGCTCATAT","183","PASS","END=69793503;SVTYPE=INS;SVLEN=78;CIGAR=1M78I;CIPOS=0,14;HOMLEN=14;HOMSEQ=CATGCACCCTCTCC","GT:FT:GQ:PL:PR:SR","p13","MITF","no",10,"intron1-intron1","CDS",NA,NA,NA,NA,"ER052_MEL1N","Manta",NA,"full=NA"
"68","7",28838232,139521081,110682849,"INV","MantaINV:89996:0:1:0:0:0","C","<INV>","61","PASS","END=139521081;SVTYPE=INV;SVLEN=110682849;SVINSLEN=1;SVINSSEQ=C;INV3","GT:FT:GQ:PL:PR:SR","q31.33","POT1","no",19,"txStart-txEnd","5'UTR-3'UTR",NA,NA,NA,NA,"ER052_MEL1N","Manta",NA,"full=NA"
"69","7",125022559,147874512,22851953,"INV","MantaINV:96072:0:3:0:0:0","G","<INV>","999","PASS","END=147874512;SVTYPE=INV;SVLEN=22851953;SVINSLEN=1;SVINSSEQ=C;INV5","GT:FT:GQ:PL:PR:SR","q34","BRAF","no",20,"txStart-txEnd","5'UTR-3'UTR",NA,NA,NA,NA,"ER052_MEL1N","Manta",NA,"full=NA"
"70","9",77894338,77894339,173,"INS","MantaINS:179831:0:0:0:0:0","T","TTATATATATTTAATAGAAAATATATAATATATATATTTAATAGAAAATATATAATATATATTTAATAGAAAATATATATAATATATATATTTAATAGAAAAATATATATATTATATATATTTTAATATTAAATATATATATAATATATATATTTAATATTAAAATATATATAA","877","PASS","END=77894338;SVTYPE=INS;SVLEN=173;CIGAR=1M173I;CIPOS=0,26;HOMLEN=26;HOMSEQ=TATATATATTTAATAGAAAATATATA","GT:FT:GQ:PL:PR:SR","q21.2","GNAQ","no",7,"intron2-intron2","CDS",NA,NA,NA,NA,"ER052_MEL1N","Manta",NA,"full=NA"
