"","CHROM","POS","ID","REF","ALT","QUAL","FILTER","INFO","FORMAT","NA12878_small","SV_type"
"1","chr1",789483,"1050005494:1","A","]chr1:224014606]A",39,"PASS","DISC_MAPQ=49;EVDNC=DSCRD;IMPRECISE;MAPQ=49;MATEID=1050005494:2;MATENM=-1;NM=-1;NUMPARTS=0;SCTG=chr1:789483(-)-chr1:224014606(+)__1_784001_809001D;SPAN=223225123;SVTYPE=BND","GT:AD:DP:GQ:PL:SR:DR:LR:LO","1/1:13:7:3.6:39.6,3.6,0:0:13:-39.61:39.61","DUP/INS"
"2","chr1",1594934,"767807358:1","G","]chr1:1595535]G",38,"PASS","DISC_MAPQ=16;EVDNC=DSCRD;IMPRECISE;MAPQ=16;MATEID=767807358:2;MATENM=-1;NM=-1;NUMPARTS=0;SCTG=chr1:1594934(-)-chr1:1595535(+)__1_1592501_1617501D;SPAN=601;SVTYPE=BND","GT:AD:DP:GQ:PL:SR:DR:LR:LO","0/1:14:27:28.7:38.6,0,28.7:0:14:-38.69:38.69","DUP/INS"
"3","chr1",1595535,"767807358:2","A","A[chr1:1594934[",38,"PASS","DISC_MAPQ=30;EVDNC=DSCRD;IMPRECISE;MAPQ=30;MATEID=767807358:1;MATENM=-1;NM=-1;NUMPARTS=0;SCTG=chr1:1594934(-)-chr1:1595535(+)__1_1592501_1617501D;SPAN=601;SVTYPE=BND","GT:AD:DP:GQ:PL:SR:DR:LR:LO","0/1:14:27:28.7:38.6,0,28.7:0:14:-38.69:38.69","DUP/INS"
"4","chr1",2994984,"349586432:1","G","G[chr1:2995287[",46,"PASS","DISC_MAPQ=60;EVDNC=ASDIS;HOMSEQ=AAGAAATTAATG;MAPQ=60;MATEID=349586432:2;MATENM=0;NM=0;NUMPARTS=2;SCTG=c_1_2989001_3014001_5C;SPAN=303;SVTYPE=BND","GT:AD:DP:GQ:PL:SR:DR:LR:LO","0/1:16:24:13.1:46.1,0,13.1:12:5:-46.99:46.99","DEL"
"5","chr1",2995287,"349586432:2","A","]chr1:2994984]A",46,"PASS","DISC_MAPQ=60;EVDNC=ASDIS;HOMSEQ=AAGAAATTAATG;MAPQ=60;MATEID=349586432:1;MATENM=0;NM=0;NUMPARTS=2;SCTG=c_1_2989001_3014001_5C;SPAN=303;SVTYPE=BND","GT:AD:DP:GQ:PL:SR:DR:LR:LO","0/1:16:24:13.1:46.1,0,13.1:12:5:-46.99:46.99","DEL"
"6","chr1",3002470,"319813051:1","G","G[chr1:3002803[",15,"PASS","EVDNC=ASSMB;HOMSEQ=GGG;MAPQ=60;MATEID=319813051:2;MATENM=1;NM=0;NUMPARTS=2;SCTG=c_1_2989001_3014001_6C;SPAN=333;SVTYPE=BND","GT:AD:DP:GQ:PL:SR:DR:LR:LO","0/1:6:14:15.8:15.8,0,19.1:6:0:-15.87:15.89","DEL"
"7","chr1",3002803,"319813051:2","G","]chr1:3002470]G",15,"PASS","EVDNC=ASSMB;HOMSEQ=GGG;MAPQ=60;MATEID=319813051:1;MATENM=0;NM=1;NUMPARTS=2;SCTG=c_1_2989001_3014001_6C;SPAN=333;SVTYPE=BND","GT:AD:DP:GQ:PL:SR:DR:LR:LO","0/1:6:14:15.8:15.8,0,19.1:6:0:-15.87:15.89","DEL"
"8","chr1",3176048,"326085961:1","C","]chr1:3176290]C",18,"PASS","DISC_MAPQ=60;EVDNC=ASDIS;HOMSEQ=CATCCATCCATCCATCCATC;MAPQ=60;MATEID=326085961:2;MATENM=4;NM=1;NUMPARTS=2;SCTG=c_1_3160501_3185501_1C;SPAN=242;SVTYPE=BND","GT:AD:DP:GQ:PL:SR:DR:LR:LO","0/1:9:41:18.2:18.2,0,84.2:7:3:-18.18:20.65","DUP/INS"
"9","chr1",3176290,"326085961:2","C","C[chr1:3176048[",18,"PASS","DISC_MAPQ=60;EVDNC=ASDIS;HOMSEQ=CATCCATCCATCCATCCATC;MAPQ=60;MATEID=326085961:1;MATENM=1;NM=4;NUMPARTS=2;SCTG=c_1_3160501_3185501_1C;SPAN=242;SVTYPE=BND","GT:AD:DP:GQ:PL:SR:DR:LR:LO","0/1:9:41:18.2:18.2,0,84.2:7:3:-18.18:20.65","DUP/INS"
"10","chr1",3181034,"483509523:1","G","]chr1:3181806]G",20,"PASS","DISC_MAPQ=51;EVDNC=DSCRD;IMPRECISE;MAPQ=51;MATEID=483509523:2;MATENM=-1;NM=-1;NUMPARTS=0;SCTG=chr1:3181034(-)-chr1:3181806(+)__1_3160501_3185501D;SPAN=772;SVTYPE=BND","GT:AD:DP:GQ:PL:SR:DR:LR:LO","0/1:9:33:20.6:20.6,0,60.2:0:9:-20.43:21.63","DUP/INS"
"11","chr1",3181806,"483509523:2","A","A[chr1:3181034[",20,"PASS","DISC_MAPQ=60;EVDNC=DSCRD;IMPRECISE;MAPQ=60;MATEID=483509523:1;MATENM=-1;NM=-1;NUMPARTS=0;SCTG=chr1:3181034(-)-chr1:3181806(+)__1_3160501_3185501D;SPAN=772;SVTYPE=BND","GT:AD:DP:GQ:PL:SR:DR:LR:LO","0/1:9:33:20.6:20.6,0,60.2:0:9:-20.43:21.63","DUP/INS"
"12","chr1",3501991,"382445571:1","G","]chr1:3502110]G",89,"PASS","DISC_MAPQ=9;EVDNC=TSI_G;HOMSEQ=GGGCTCCTGGCGAGTGTGCCCCCC;INSERTION=CTGGCGAGTGTGCCCCCCGTGCCTCACAT;MAPQ=17;MATEID=382445571:2;MATENM=2;NM=2;NUMPARTS=3;SCTG=c_1_3479001_3504001_13C;SPAN=119;SVTYPE=BND","GT:AD:DP:GQ:PL:SR:DR:LR:LO","0/1:33:69:83:89.6,0,83:28:6:-89.55:89.55","DUP/INS"
"13","chr1",3502110,"382445571:2","C","C[chr1:3501991[",89,"PASS","DISC_MAPQ=255;EVDNC=TSI_G;HOMSEQ=GGGCTCCTGGCGAGTGTGCCCCCC;INSERTION=CTGGCGAGTGTGCCCCCCGTGCCTCACAT;MAPQ=54;MATEID=382445571:1;MATENM=2;NM=2;NUMPARTS=3;SCTG=c_1_3479001_3504001_13C;SPAN=119;SVTYPE=BND","GT:AD:DP:GQ:PL:SR:DR:LR:LO","0/1:33:69:83:89.6,0,83:28:6:-89.55:89.55","DUP/INS"
"14","chr1",4144489,"1054563169:1","A","]chr1:4144740]A",13,"PASS","DISC_MAPQ=38;EVDNC=ASDIS;HOMSEQ=ATCACCACCATCCTTACTATCATCACTGTGATCACCATCTTCATTACCACCATCACCATCACCATCA;MAPQ=60;MATEID=1054563169:2;MATENM=8;NM=3;NUMPARTS=2;SCTG=c_1_4140501_4165501_18C;SPAN=251;SVTYPE=BND","GT:AD:DP:GQ:PL:SR:DR:LR:LO","0/1:10:70:13.4:13.4,0,161.9:6:4:-13.33:20.87","DUP/INS"
"15","chr1",4144740,"1054563169:2","A","A[chr1:4144489[",13,"PASS","DISC_MAPQ=40;EVDNC=ASDIS;HOMSEQ=ATCACCACCATCCTTACTATCATCACTGTGATCACCATCTTCATTACCACCATCACCATCACCATCA;MAPQ=50;MATEID=1054563169:1;MATENM=3;NM=8;NUMPARTS=2;SCTG=c_1_4140501_4165501_18C;SPAN=251;SVTYPE=BND","GT:AD:DP:GQ:PL:SR:DR:LR:LO","0/1:10:70:13.4:13.4,0,161.9:6:4:-13.33:20.87","DUP/INS"
"16","chr1",5387170,"438300852:1","T","]chr1:5387379]T",31,"PASS","EVDNC=ASSMB;INSERTION=TGTGTGTGTCTC;MAPQ=60;MATEID=438300852:2;MATENM=3;NM=0;NUMPARTS=2;SCTG=c_1_5365501_5390501_0C;SPAN=209;SUBN=1;SVTYPE=BND","GT:AD:DP:GQ:PL:SR:DR:LR:LO","0/1:12:31:31.1:31.1,0,44.3:12:0:-30.9:31.08","DUP/INS"
"17","chr1",5387379,"438300852:2","C","C[chr1:5387170[",31,"PASS","EVDNC=ASSMB;INSERTION=TGTGTGTGTCTC;MAPQ=60;MATEID=438300852:1;MATENM=0;NM=3;NUMPARTS=2;SCTG=c_1_5365501_5390501_0C;SPAN=209;SVTYPE=BND","GT:AD:DP:GQ:PL:SR:DR:LR:LO","0/1:12:31:31.1:31.1,0,44.3:12:0:-30.9:31.08","DUP/INS"
"18","chr1",7510011,"723639152:1","A","A[chr1:7511467[",24,"PASS","EVDNC=ASSMB;INSERTION=TCCTGCACATGCTTA;MAPQ=60;MATEID=723639152:2;MATENM=0;NM=0;NUMPARTS=2;SCTG=c_1_7497001_7522001_10C;SPAN=1456;SVTYPE=BND","GT:AD:DP:GQ:PL:SR:DR:LR:LO","0/1:9:18:18.2:24.8,0,18.2:9:0:-24.67:24.67","DEL"
"19","chr1",7511467,"723639152:2","T","]chr1:7510011]T",24,"PASS","EVDNC=ASSMB;INSERTION=TCCTGCACATGCTTA;MAPQ=60;MATEID=723639152:1;MATENM=0;NM=0;NUMPARTS=2;SCTG=c_1_7497001_7522001_10C;SPAN=1456;SVTYPE=BND","GT:AD:DP:GQ:PL:SR:DR:LR:LO","0/1:9:18:18.2:24.8,0,18.2:9:0:-24.67:24.67","DEL"
"20","chr1",9535583,"108767323:1","G","G[chr1:9537608[",29,"PASS","DISC_MAPQ=57;EVDNC=ASDIS;HOMSEQ=TGCCACTGCACTCCAGCCTGGGTGACAGAG;MAPQ=60;MATEID=108767323:2;MATENM=2;NM=0;NUMPARTS=2;SCTG=c_1_9530501_9555501_4C;SPAN=2025;SVTYPE=BND","GT:AD:DP:GQ:PL:SR:DR:LR:LO","0/1:10:13:2.9:29.3,0,2.9:8:5:-30.55:30.55","DEL"
"21","chr1",9537608,"108767323:2","T","]chr1:9535583]T",29,"PASS","DISC_MAPQ=60;EVDNC=ASDIS;HOMSEQ=TGCCACTGCACTCCAGCCTGGGTGACAGAG;MAPQ=60;MATEID=108767323:1;MATENM=0;NM=2;NUMPARTS=2;SCTG=c_1_9530501_9555501_4C;SPAN=2025;SVTYPE=BND","GT:AD:DP:GQ:PL:SR:DR:LR:LO","0/1:10:13:2.9:29.3,0,2.9:8:5:-30.55:30.55","DEL"
"22","chr1",10422445,"348510314:1","A","A[chr1:10423723[",15,"PASS","DISC_MAPQ=60;EVDNC=ASDIS;HOMSEQ=CAAAGTGCTGGGATTACAGGCA;MAPQ=60;MATEID=348510314:2;MATENM=0;NM=0;NUMPARTS=2;SCTG=c_1_10412501_10437501_8C;SPAN=1278;SVTYPE=BND","GT:AD:DP:GQ:PL:SR:DR:LR:LO","0/1:6:15:15.5:15.5,0,22.1:3:4:-15.59:15.65","DEL"
"23","chr1",10423723,"348510314:2","C","]chr1:10422445]C",15,"PASS","DISC_MAPQ=60;EVDNC=ASDIS;HOMSEQ=CAAAGTGCTGGGATTACAGGCA;MAPQ=60;MATEID=348510314:1;MATENM=0;NM=0;NUMPARTS=2;SCTG=c_1_10412501_10437501_8C;SPAN=1278;SVTYPE=BND","GT:AD:DP:GQ:PL:SR:DR:LR:LO","0/1:6:15:15.5:15.5,0,22.1:3:4:-15.59:15.65","DEL"
"24","chr1",10991221,"982411214:1","T","]chr1:10994564]T",21,"PASS","DISC_MAPQ=60;EVDNC=ASDIS;HOMSEQ=TGCCTCAGCCTCCC;MAPQ=60;MATEID=982411214:2;MATENM=1;NM=0;NUMPARTS=2;SCTG=c_1_10976001_11001001_1C;SPAN=3343;SVTYPE=BND","GT:AD:DP:GQ:PL:SR:DR:LR:LO","0/1:9:29:21.5:21.5,0,51.2:6:4:-21.56:22.23","DUP/INS"
"25","chr1",10994564,"982411214:2","C","C[chr1:10991221[",21,"PASS","DISC_MAPQ=60;EVDNC=ASDIS;HOMSEQ=TGCCTCAGCCTCCC;MAPQ=60;MATEID=982411214:1;MATENM=0;NM=1;NUMPARTS=2;SCTG=c_1_10976001_11001001_1C;SPAN=3343;SVTYPE=BND","GT:AD:DP:GQ:PL:SR:DR:LR:LO","0/1:9:29:21.5:21.5,0,51.2:6:4:-21.56:22.23","DUP/INS"
"26","chr1",11622836,"218141455:1","G","G[chr1:11623133[",52,"PASS","EVDNC=ASSMB;INSERTION=CTC;MAPQ=60;MATEID=218141455:2;MATENM=1;NM=0;NUMPARTS=2;SCTG=c_1_11613001_11638001_17C;SPAN=297;SVTYPE=BND","GT:AD:DP:GQ:PL:SR:DR:LR:LO","1/1:18:17:4.8:52.8,4.8,0:18:0:-52.81:52.81","DEL"
"27","chr1",11623133,"218141455:2","T","]chr1:11622836]T",52,"PASS","EVDNC=ASSMB;INSERTION=CTC;MAPQ=60;MATEID=218141455:1;MATENM=0;NM=1;NUMPARTS=2;SCTG=c_1_11613001_11638001_17C;SPAN=297;SVTYPE=BND","GT:AD:DP:GQ:PL:SR:DR:LR:LO","1/1:18:17:4.8:52.8,4.8,0:18:0:-52.81:52.81","DEL"
"28","chr1",16619335,"432168584:1","C","C]chr1:16952037]",27,"PASS","DISC_MAPQ=28;EVDNC=DSCRD;IMPRECISE;MAPQ=28;MATEID=432168584:2;MATENM=-1;NM=-1;NUMPARTS=0;SCTG=chr1:16619335(+)-chr1:16952037(+)__1_16611001_16636001D;SPAN=332702;SVTYPE=BND","GT:AD:DP:GQ:PL:SR:DR:LR:LO","0/1:11:32:27.5:27.5,0,50.6:0:11:-27.32:27.77","INV"
"29","chr1",16725229,"925849578:1","C","[chr1:234776441[C",99,"PASS","DISC_MAPQ=35;EVDNC=ASDIS;INSERTION=ATGGGGC;MAPQ=60;MATEID=925849578:2;MATENM=3;NM=4;NUMPARTS=2;SCTG=c_1_16709001_16734001_0C;SPAN=218051212;SVTYPE=BND","GT:AD:DP:GQ:PL:SR:DR:LR:LO","1/1:71:25:19.8:217.8,19.8,0:48:49:-217.9:217.9","INV"
"30","chr1",16952037,"432168584:2","G","G]chr1:16619335]",27,"PASS","DISC_MAPQ=53;EVDNC=DSCRD;IMPRECISE;MAPQ=53;MATEID=432168584:1;MATENM=-1;NM=-1;NUMPARTS=0;SCTG=chr1:16619335(+)-chr1:16952037(+)__1_16611001_16636001D;SPAN=332702;SVTYPE=BND","GT:AD:DP:GQ:PL:SR:DR:LR:LO","0/1:11:32:27.5:27.5,0,50.6:0:11:-27.32:27.77","INV"
"31","chr1",21459927,"245072004:1","C","C[chr1:21460198[",46,"PASS","EVDNC=ASSMB;HOMSEQ=GC;MAPQ=60;MATEID=245072004:2;MATENM=1;NM=0;NUMPARTS=2;SCTG=c_1_21437501_21462501_0C;SPAN=271;SVTYPE=BND","GT:AD:DP:GQ:PL:SR:DR:LR:LO","1/1:15:8:4.2:46.2,4.2,0:15:0:-46.21:46.21","DEL"
"32","chr1",21460198,"245072004:2","G","]chr1:21459927]G",46,"PASS","EVDNC=ASSMB;HOMSEQ=GC;MAPQ=60;MATEID=245072004:1;MATENM=0;NM=1;NUMPARTS=2;SCTG=c_1_21437501_21462501_0C;SPAN=271;SVTYPE=BND","GT:AD:DP:GQ:PL:SR:DR:LR:LO","1/1:15:8:4.2:46.2,4.2,0:15:0:-46.21:46.21","DEL"
"33","chr1",22570441,"598361224:1","C","]chr1:22570535]C",20,"PASS","EVDNC=ASSMB;HOMSEQ=CA;MAPQ=60;MATEID=598361224:2;MATENM=1;NM=1;NUMPARTS=2;SCTG=c_1_22564501_22589501_12C;SPAN=94;SVTYPE=BND","GT:AD:DP:GQ:PL:SR:DR:LR:LO","0/1:9:33:20.6:20.6,0,60.2:9:0:-20.43:21.63","DUP/INS"
"34","chr1",22570535,"598361224:2","A","A[chr1:22570441[",20,"PASS","EVDNC=ASSMB;HOMSEQ=CA;MAPQ=60;MATEID=598361224:1;MATENM=1;NM=1;NUMPARTS=2;SCTG=c_1_22564501_22589501_12C;SPAN=94;SVTYPE=BND","GT:AD:DP:GQ:PL:SR:DR:LR:LO","0/1:9:33:20.6:20.6,0,60.2:9:0:-20.43:21.63","DUP/INS"
"35","chr1",24832212,"541456948:1","T","T[chr1:24835019[",49,"PASS","EVDNC=ASSMB;HOMSEQ=TTGATTTTTTATTTTT;MAPQ=60;MATEID=541456948:2;MATENM=0;NM=0;NUMPARTS=2;SCTG=c_1_24818501_24843501_23C;SPAN=2807;SVTYPE=BND","GT:AD:DP:GQ:PL:SR:DR:LR:LO","1/1:17:12:4.5:49.5,4.5,0:17:0:-49.51:49.51","DEL"
"36","chr1",24835019,"541456948:2","T","]chr1:24832212]T",49,"PASS","EVDNC=ASSMB;HOMSEQ=TTGATTTTTTATTTTT;MAPQ=60;MATEID=541456948:1;MATENM=0;NM=0;NUMPARTS=2;SCTG=c_1_24818501_24843501_23C;SPAN=2807;SVTYPE=BND","GT:AD:DP:GQ:PL:SR:DR:LR:LO","1/1:17:12:4.5:49.5,4.5,0:17:0:-49.51:49.51","DEL"
"37","chr1",25287188,"606214236:1","C","]chr1:25405617]C",18,"PASS","DISC_MAPQ=39;EVDNC=ASDIS;HOMSEQ=CTG;MAPQ=60;MATEID=606214236:2;MATENM=1;NM=0;NUMPARTS=2;SCTG=c_1_25284001_25309001_9C;SPAN=118429;SVTYPE=BND","GT:AD:DP:GQ:PL:SR:DR:LR:LO","0/1:7:18:18.2:18.2,0,24.8:4:5:-18.05:18.15","DUP/INS"
"38","chr1",25405617,"606214236:2","G","G[chr1:25287188[",18,"PASS","DISC_MAPQ=47;EVDNC=ASDIS;HOMSEQ=CTG;MAPQ=60;MATEID=606214236:1;MATENM=0;NM=1;NUMPARTS=2;SCTG=c_1_25284001_25309001_9C;SPAN=118429;SVTYPE=BND","GT:AD:DP:GQ:PL:SR:DR:LR:LO","0/1:7:18:18.2:18.2,0,24.8:4:5:-18.05:18.15","DUP/INS"
"39","chr1",26163332,"951131730:1","C","C[chr1:26163648[",42,"PASS","EVDNC=ASSMB;HOMSEQ=TCTTCCTTCTC;MAPQ=60;MATEID=951131730:2;MATENM=0;NM=2;NUMPARTS=2;SCTG=c_1_26141501_26166501_5C;SPAN=316;SVTYPE=BND","GT:AD:DP:GQ:PL:SR:DR:LR:LO","1/1:14:10:3.9:42.9,3.9,0:14:0:-42.91:42.91","DEL"
"40","chr1",26163648,"951131730:2","T","]chr1:26163332]T",42,"PASS","EVDNC=ASSMB;HOMSEQ=TCTTCCTTCTC;MAPQ=60;MATEID=951131730:1;MATENM=2;NM=0;NUMPARTS=2;SCTG=c_1_26141501_26166501_5C;SPAN=316;SVTYPE=BND","GT:AD:DP:GQ:PL:SR:DR:LR:LO","1/1:14:10:3.9:42.9,3.9,0:14:0:-42.91:42.91","DEL"
"41","chr1",28353524,"84440905:1","A","[chrUn_KN707766v1_decoy:1[A",33,"PASS","DISC_MAPQ=60;EVDNC=ASDIS;MAPQ=60;MATEID=84440905:2;MATENM=0;NM=2;NUMPARTS=2;SCTG=c_1_28346501_28371501_17C;SPAN=-1;SVTYPE=BND","GT:AD:DP:GQ:PL:SR:DR:LR:LO","1/1:11:10:3:33,3,0:8:5:-33.01:33.01","INV"
"42","chr1",28353524,"335124433:1","A","[chrUn_KN707766v1_decoy:1[A",29,"PASS","DISC_MAPQ=255;EVDNC=ASDIS;MAPQ=60;MATEID=335124433:2;MATENM=0;NM=0;NUMPARTS=2;SCTG=c_617_1_2303_0C;SPAN=-1;SVTYPE=BND","GT:AD:DP:GQ:PL:SR:DR:LR:LO","1/1:10:2:2.7:29.7,2.7,0:6:7:-29.71:29.71","INV"
"43","chr1",29552243,"46919078:1","N","N]chr1:30655885]",40,"PASS","DISC_MAPQ=59;EVDNC=DSCRD;IMPRECISE;MAPQ=59;MATEID=46919078:2;MATENM=-1;NM=-1;NUMPARTS=0;SCTG=chr1:29552243(+)-chr1:30655885(+)__1_30649501_30674501D;SPAN=1103642;SVTYPE=BND","GT:AD:DP:GQ:PL:SR:DR:LR:LO","0/1:14:20:7.7:40.7,0,7.7:0:14:-41.65:41.65","INV"
"44","chr1",30655885,"46919078:2","G","G]chr1:29552243]",40,"PASS","DISC_MAPQ=41;EVDNC=DSCRD;IMPRECISE;MAPQ=41;MATEID=46919078:1;MATENM=-1;NM=-1;NUMPARTS=0;SCTG=chr1:29552243(+)-chr1:30655885(+)__1_30649501_30674501D;SPAN=1103642;SVTYPE=BND","GT:AD:DP:GQ:PL:SR:DR:LR:LO","0/1:14:20:7.7:40.7,0,7.7:0:14:-41.65:41.65","INV"
"45","chr1",31102238,"528575100:1","T","T[chr1:31104465[",32,"PASS","DISC_MAPQ=60;EVDNC=ASDIS;HOMSEQ=CCTGTAATCCCAGCTACTCGGGAGGCTGAGGCAGGAGAAT;MAPQ=60;MATEID=528575100:2;MATENM=1;NM=0;NUMPARTS=2;SCTG=c_1_31090501_31115501_2C;SPAN=2227;SVTYPE=BND","GT:AD:DP:GQ:PL:SR:DR:LR:LO","0/1:11:14:2.6:32.3,0,2.6:6:6:-33.83:33.83","DEL"
"46","chr1",31104465,"528575100:2","C","]chr1:31102238]C",32,"PASS","DISC_MAPQ=60;EVDNC=ASDIS;HOMSEQ=CCTGTAATCCCAGCTACTCGGGAGGCTGAGGCAGGAGAAT;MAPQ=60;MATEID=528575100:1;MATENM=0;NM=1;NUMPARTS=2;SCTG=c_1_31090501_31115501_2C;SPAN=2227;SVTYPE=BND","GT:AD:DP:GQ:PL:SR:DR:LR:LO","0/1:11:14:2.6:32.3,0,2.6:6:6:-33.83:33.83","DEL"
"47","chr1",34635821,"990283324:1","T","T[chr1:34646376[",23,"PASS","EVDNC=ASSMB;HOMSEQ=T;MAPQ=60;MATEID=990283324:2;MATENM=1;NM=0;NUMPARTS=2;SCTG=c_1_34618501_34643501_11C;SPAN=10555;SUBN=1;SVTYPE=BND","GT:AD:DP:GQ:PL:SR:DR:LR:LO","1/1:8:7:2.1:23.1,2.1,0:8:0:-23.11:23.11","DEL"
"48","chr1",34646376,"990283324:2","T","]chr1:34635821]T",23,"PASS","EVDNC=ASSMB;HOMSEQ=T;MAPQ=60;MATEID=990283324:1;MATENM=0;NM=1;NUMPARTS=2;SCTG=c_1_34618501_34643501_11C;SPAN=10555;SVTYPE=BND","GT:AD:DP:GQ:PL:SR:DR:LR:LO","1/1:8:7:2.1:23.1,2.1,0:8:0:-23.11:23.11","DEL"
"49","chr1",36267649,"428452939:1","A","A]chr1:36269041]",36,"PASS","DISC_MAPQ=255;EVDNC=TSI_L;INSERTION=AAA;MAPQ=60;MATEID=428452939:2;MATENM=1;NM=0;NUMPARTS=3;REPSEQ=AAA;SCTG=c_1_36260001_36285001_19C;SPAN=1392;SVTYPE=BND","GT:AD:DP:GQ:PL:SR:DR:LR:LO","0/1:13:23:20:36.5,0,20:13:0:-36.66:36.66","INV"
"50","chr1",36267649,"892060105:1","A","A[chr1:36267982[",75,"PASS","DISC_MAPQ=255;EVDNC=TSI_G;HOMSEQ=CCAGCCTGGCCAATATGGTGAAACCCCATCTCTACT;INSERTION=AAAATTAAAAAACTAACTCGGCTGGGCGCGGTGGCTCATACCTGTAATCCCAGCACTTTCAGAGGCCGAGGCAGGTGGATCACCTGAGGCCAGGAGTTTGAGG;MAPQ=60;MATEID=892060105:2;MATENM=2;NM=0;NUMPARTS=3;SCTG=c_1_36260001_36285001_19C;SPAN=333;SVTYPE=BND","GT:AD:DP:GQ:PL:SR:DR:LR:LO","1/1:25:11:6.9:75.9,6.9,0:25:0:-75.92:75.92","DEL"
"51","chr1",36267982,"892060105:2","C","]chr1:36267649]C",75,"PASS","DISC_MAPQ=255;EVDNC=TSI_G;HOMSEQ=CCAGCCTGGCCAATATGGTGAAACCCCATCTCTACT;INSERTION=AAAATTAAAAAACTAACTCGGCTGGGCGCGGTGGCTCATACCTGTAATCCCAGCACTTTCAGAGGCCGAGGCAGGTGGATCACCTGAGGCCAGGAGTTTGAGG;MAPQ=60;MATEID=892060105:1;MATENM=0;NM=2;NUMPARTS=3;SCTG=c_1_36260001_36285001_19C;SPAN=333;SVTYPE=BND","GT:AD:DP:GQ:PL:SR:DR:LR:LO","1/1:25:11:6.9:75.9,6.9,0:25:0:-75.92:75.92","DEL"
"52","chr1",36267982,"113766802:1","C","[chr1:36268906[C",41,"PASS","DISC_MAPQ=58;EVDNC=TSI_L;HOMSEQ=CCAGCCTGGCCAATATGGTGAAACCCCATCTCTACT;INSERTION=AAA;MAPQ=60;MATEID=113766802:2;MATENM=1;NM=2;NUMPARTS=3;REPSEQ=GG;SCTG=c_1_36260001_36285001_19C;SPAN=924;SVTYPE=BND","GT:AD:DP:GQ:PL:SR:DR:LR:LO","0/1:15:27:25.4:41.9,0,25.4:11:11:-42.12:42.12","INV"
"53","chr1",36268906,"113766802:2","A","[chr1:36267982[A",41,"PASS","DISC_MAPQ=60;EVDNC=TSI_L;HOMSEQ=CCAGCCTGGCCAATATGGTGAAACCCCATCTCTACT;INSERTION=AAA;MAPQ=60;MATEID=113766802:1;MATENM=2;NM=1;NUMPARTS=3;REPSEQ=GG;SCTG=c_1_36260001_36285001_19C;SPAN=924;SVTYPE=BND","GT:AD:DP:GQ:PL:SR:DR:LR:LO","0/1:15:27:25.4:41.9,0,25.4:11:11:-42.12:42.12","INV"
"54","chr1",36269041,"428452939:2","T","T]chr1:36267649]",36,"PASS","DISC_MAPQ=255;EVDNC=TSI_L;INSERTION=AAA;MAPQ=60;MATEID=428452939:1;MATENM=0;NM=1;NUMPARTS=3;REPSEQ=AAA;SCTG=c_1_36260001_36285001_19C;SPAN=1392;SVTYPE=BND","GT:AD:DP:GQ:PL:SR:DR:LR:LO","0/1:13:23:20:36.5,0,20:13:0:-36.66:36.66","INV"
"55","chr1",37350872,"526491408:1","C","C[chr1:37351122[",62,"PASS","EVDNC=ASSMB;INSERTION=AGAACCCCTG;MAPQ=60;MATEID=526491408:2;MATENM=0;NM=0;NUMPARTS=2;SCTG=c_1_37338001_37363001_2C;SPAN=250;SVTYPE=BND","GT:AD:DP:GQ:PL:SR:DR:LR:LO","1/1:21:13:5.7:62.7,5.7,0:21:0:-62.72:62.72","DEL"
"56","chr1",37351122,"526491408:2","G","]chr1:37350872]G",62,"PASS","EVDNC=ASSMB;INSERTION=AGAACCCCTG;MAPQ=60;MATEID=526491408:1;MATENM=0;NM=0;NUMPARTS=2;SCTG=c_1_37338001_37363001_2C;SPAN=250;SVTYPE=BND","GT:AD:DP:GQ:PL:SR:DR:LR:LO","1/1:21:13:5.7:62.7,5.7,0:21:0:-62.72:62.72","DEL"
"57","chr1",37775711,"231238287:1","C","]chr19:11311340]C",19,"PASS","EVDNC=ASSMB;MAPQ=60;MATEID=231238287:2;MATENM=2;NM=0;NUMPARTS=2;SCTG=c_1_37754501_37779501_5C;SPAN=-1;SVTYPE=BND","GT:AD:DP:GQ:PL:SR:DR:LR:LO","0/1:7:13:12.8:19.4,0,12.8:7:0:-19.51:19.51","DUP/INS"
"58","chr1",43391799,"464356109:1","A","A[chr1:43392121[",17,"PASS","EVDNC=ASSMB;HOMSEQ=AAAAAAATGAAACAA;MAPQ=60;MATEID=464356109:2;MATENM=0;NM=0;NUMPARTS=2;SCTG=c_1_43389501_43414501_6C;SPAN=322;SVTYPE=BND","GT:AD:DP:GQ:PL:SR:DR:LR:LO","0/1:7:22:17:17,0,36.8:7:0:-16.92:17.39","DEL"
"59","chr1",43392121,"464356109:2","A","]chr1:43391799]A",17,"PASS","EVDNC=ASSMB;HOMSEQ=AAAAAAATGAAACAA;MAPQ=60;MATEID=464356109:1;MATENM=0;NM=0;NUMPARTS=2;SCTG=c_1_43389501_43414501_6C;SPAN=322;SVTYPE=BND","GT:AD:DP:GQ:PL:SR:DR:LR:LO","0/1:7:22:17:17,0,36.8:7:0:-16.92:17.39","DEL"
"60","chr1",43593737,"346894723:1","C","C]chr1:43594286]",52,"PASS","DISC_MAPQ=59;EVDNC=DSCRD;IMPRECISE;MAPQ=59;MATEID=346894723:2;MATENM=-1;NM=-1;NUMPARTS=0;SCTG=chr1:43593737(+)-chr1:43594286(+)__1_43585501_43610501D;SPAN=549;SVTYPE=BND","GT:AD:DP:GQ:PL:SR:DR:LR:LO","1/1:16:18:4.8:52.8,4.8,0:0:16:-51.41:51.41","INV"
"61","chr1",43594286,"346894723:2","C","C]chr1:43593737]",52,"PASS","DISC_MAPQ=60;EVDNC=DSCRD;IMPRECISE;MAPQ=60;MATEID=346894723:1;MATENM=-1;NM=-1;NUMPARTS=0;SCTG=chr1:43593737(+)-chr1:43594286(+)__1_43585501_43610501D;SPAN=549;SVTYPE=BND","GT:AD:DP:GQ:PL:SR:DR:LR:LO","1/1:16:18:4.8:52.8,4.8,0:0:16:-51.41:51.41","INV"
"62","chr1",45741623,"329753778:1","C","C[chr1:45741927[",66,"PASS","EVDNC=ASSMB;HOMSEQ=CTTATTTTC;MAPQ=60;MATEID=329753778:2;MATENM=1;NM=0;NUMPARTS=2;SCTG=c_1_45741501_45766501_6C;SPAN=304;SVTYPE=BND","GT:AD:DP:GQ:PL:SR:DR:LR:LO","1/1:22:15:6:66,6,0:22:0:-66.02:66.02","DEL"
"63","chr1",45741927,"329753778:2","C","]chr1:45741623]C",66,"PASS","EVDNC=ASSMB;HOMSEQ=CTTATTTTC;MAPQ=60;MATEID=329753778:1;MATENM=0;NM=1;NUMPARTS=2;SCTG=c_1_45741501_45766501_6C;SPAN=304;SVTYPE=BND","GT:AD:DP:GQ:PL:SR:DR:LR:LO","1/1:22:15:6:66,6,0:22:0:-66.02:66.02","DEL"
"64","chr1",46102285,"671798539:1","T","T[chr1:72048424[",32,"PASS","DISC_MAPQ=7;EVDNC=ASDIS;HOMSEQ=T;MAPQ=60;MATEID=671798539:2;MATENM=0;NM=0;NUMPARTS=2;SCTG=c_1_46084501_46109501_6C;SPAN=25946139;SUBN=2;SVTYPE=BND","GT:AD:DP:GQ:PL:SR:DR:LR:LO","0/1:11:14:2.6:32.3,0,2.6:4:9:-33.83:33.83","DEL"
"65","chr1",53128427,"444703028:1","T","T[chr1:53129932[",28,"PASS","DISC_MAPQ=255;EVDNC=TSI_G;HOMSEQ=CAT;INSERTION=AATAACCTCGTGAAGGAGGTATTCTTCCCACTTTATAGATAAGGACACTGAGGCTCAGATGCTAAAAGGCTTGTTTACATTTGCACATCTAGAGGGTGACTCCAAAGCCCTGTTCCTGCCCTGTAGCCTTTGCAGATTTCAACCACCCCCGCCCATGCTTCCTGCTCCCCCGCCA;MAPQ=60;MATEID=444703028:2;MATENM=0;NM=0;NUMPARTS=3;SCTG=c_1_53116001_53141001_28C;SPAN=1505;SVTYPE=BND","GT:AD:DP:GQ:PL:SR:DR:LR:LO","0/1:10:17:11.9:28.4,0,11.9:10:0:-28.47:28.47","DEL"
"66","chr1",53128427,"563220506:1","T","T[chr1:53129277[",26,"PASS","DISC_MAPQ=60;EVDNC=TSI_L;HOMSEQ=GT;MAPQ=60;MATEID=563220506:2;MATENM=0;NM=0;NUMPARTS=3;SCTG=c_1_53116001_53141001_28C;SPAN=850;SVTYPE=BND","GT:AD:DP:GQ:PL:SR:DR:LR:LO","0/1:9:12:3.2:26.3,0,3.2:6:4:-27.29:27.29","DEL"
"67","chr1",53129277,"563220506:2","G","]chr1:53128427]G",26,"PASS","DISC_MAPQ=60;EVDNC=TSI_L;HOMSEQ=GT;MAPQ=60;MATEID=563220506:1;MATENM=0;NM=0;NUMPARTS=3;SCTG=c_1_53116001_53141001_28C;SPAN=850;SVTYPE=BND","GT:AD:DP:GQ:PL:SR:DR:LR:LO","0/1:9:12:3.2:26.3,0,3.2:6:4:-27.29:27.29","DEL"
"68","chr1",53129456,"238265635:1","T","T[chr1:53129932[",27,"PASS","DISC_MAPQ=60;EVDNC=TSI_L;HOMSEQ=CAT;MAPQ=60;MATEID=238265635:2;MATENM=0;NM=0;NUMPARTS=3;REPSEQ=CC;SCTG=c_1_53116001_53141001_28C;SPAN=476;SVTYPE=BND","GT:AD:DP:GQ:PL:SR:DR:LR:LO","0/1:10:21:23.9:27.2,0,23.9:7:7:-27.11:27.11","DEL"
"69","chr1",53129932,"444703028:2","C","]chr1:53128427]C",28,"PASS","DISC_MAPQ=255;EVDNC=TSI_G;HOMSEQ=CAT;INSERTION=AATAACCTCGTGAAGGAGGTATTCTTCCCACTTTATAGATAAGGACACTGAGGCTCAGATGCTAAAAGGCTTGTTTACATTTGCACATCTAGAGGGTGACTCCAAAGCCCTGTTCCTGCCCTGTAGCCTTTGCAGATTTCAACCACCCCCGCCCATGCTTCCTGCTCCCCCGCCA;MAPQ=60;MATEID=444703028:1;MATENM=0;NM=0;NUMPARTS=3;SCTG=c_1_53116001_53141001_28C;SPAN=1505;SVTYPE=BND","GT:AD:DP:GQ:PL:SR:DR:LR:LO","0/1:10:17:11.9:28.4,0,11.9:10:0:-28.47:28.47","DEL"
"70","chr1",53129932,"238265635:2","C","]chr1:53129456]C",27,"PASS","DISC_MAPQ=59;EVDNC=TSI_L;HOMSEQ=CAT;MAPQ=60;MATEID=238265635:1;MATENM=0;NM=0;NUMPARTS=3;REPSEQ=CC;SCTG=c_1_53116001_53141001_28C;SPAN=476;SVTYPE=BND","GT:AD:DP:GQ:PL:SR:DR:LR:LO","0/1:10:21:23.9:27.2,0,23.9:7:7:-27.11:27.11","DEL"
"71","chr1",55935620,"825102327:1","G","G[chr1:55935931[",42,"PASS","EVDNC=ASSMB;HOMSEQ=AGAAATATAGG;MAPQ=60;MATEID=825102327:2;MATENM=1;NM=0;NUMPARTS=2;SCTG=c_1_55933501_55958501_6C;SPAN=311;SVTYPE=BND","GT:AD:DP:GQ:PL:SR:DR:LR:LO","1/1:14:12:3.9:42.9,3.9,0:14:0:-42.91:42.91","DEL"
"72","chr1",55935931,"825102327:2","A","]chr1:55935620]A",42,"PASS","EVDNC=ASSMB;HOMSEQ=AGAAATATAGG;MAPQ=60;MATEID=825102327:1;MATENM=0;NM=1;NUMPARTS=2;SCTG=c_1_55933501_55958501_6C;SPAN=311;SVTYPE=BND","GT:AD:DP:GQ:PL:SR:DR:LR:LO","1/1:14:12:3.9:42.9,3.9,0:14:0:-42.91:42.91","DEL"
"73","chr1",56365452,"815823977:1","C","C[chr1:56369290[",23,"PASS","EVDNC=ASSMB;HOMSEQ=AAAAAGAACCACTGCCTC;MAPQ=60;MATEID=815823977:2;MATENM=0;NM=0;NUMPARTS=2;SCTG=c_1_56350001_56375001_0C;SPAN=3838;SVTYPE=BND","GT:AD:DP:GQ:PL:SR:DR:LR:LO","0/1:9:23:23.3:23.3,0,33.2:9:0:-23.24:23.37","DEL"
"74","chr1",56369290,"815823977:2","A","]chr1:56365452]A",23,"PASS","EVDNC=ASSMB;HOMSEQ=AAAAAGAACCACTGCCTC;MAPQ=60;MATEID=815823977:1;MATENM=0;NM=0;NUMPARTS=2;SCTG=c_1_56350001_56375001_0C;SPAN=3838;SVTYPE=BND","GT:AD:DP:GQ:PL:SR:DR:LR:LO","0/1:9:23:23.3:23.3,0,33.2:9:0:-23.24:23.37","DEL"
"75","chr1",56530361,"764440429:1","C","]chr1:56530674]C",21,"PASS","DISC_MAPQ=60;EVDNC=ASDIS;INSERTION=G;MAPQ=60;MATEID=764440429:2;MATENM=0;NM=1;NUMPARTS=2;SCTG=c_1_56521501_56546501_1C;SPAN=313;SVTYPE=BND","GT:AD:DP:GQ:PL:SR:DR:LR:LO","0/1:9:28:21.8:21.8,0,48.2:9:4:-21.84:22.4","DUP/INS"
"76","chr1",56530674,"764440429:2","T","T[chr1:56530361[",21,"PASS","DISC_MAPQ=60;EVDNC=ASDIS;INSERTION=G;MAPQ=60;MATEID=764440429:1;MATENM=1;NM=0;NUMPARTS=2;SCTG=c_1_56521501_56546501_1C;SPAN=313;SVTYPE=BND","GT:AD:DP:GQ:PL:SR:DR:LR:LO","0/1:9:28:21.8:21.8,0,48.2:9:4:-21.84:22.4","DUP/INS"
"77","chr1",56776952,"645891505:1","G","G[chr1:56777274[",33,"PASS","EVDNC=ASSMB;HOMSEQ=AGAAAATAGAAGGCCCAG;MAPQ=60;MATEID=645891505:2;MATENM=0;NM=0;NUMPARTS=2;SCTG=c_1_56766501_56791501_11C;SPAN=322;SVTYPE=BND","GT:AD:DP:GQ:PL:SR:DR:LR:LO","0/1:12:21:17.3:33.8,0,17.3:12:0:-33.92:33.92","DEL"
"78","chr1",56777274,"645891505:2","A","]chr1:56776952]A",33,"PASS","EVDNC=ASSMB;HOMSEQ=AGAAAATAGAAGGCCCAG;MAPQ=60;MATEID=645891505:1;MATENM=0;NM=0;NUMPARTS=2;SCTG=c_1_56766501_56791501_11C;SPAN=322;SVTYPE=BND","GT:AD:DP:GQ:PL:SR:DR:LR:LO","0/1:12:21:17.3:33.8,0,17.3:12:0:-33.92:33.92","DEL"
"79","chr1",57877551,"613623669:1","T","T[chr1:57877864[",27,"PASS","EVDNC=ASSMB;HOMSEQ=GATTTATTTTTT;MAPQ=60;MATEID=613623669:2;MATENM=0;NM=0;NUMPARTS=2;SCTG=c_1_57869001_57894001_6C;SPAN=313;SVTYPE=BND","GT:AD:DP:GQ:PL:SR:DR:LR:LO","0/1:10:20:20.9:27.5,0,20.9:10:0:-27.41:27.41","DEL"
"80","chr1",57877864,"613623669:2","G","]chr1:57877551]G",27,"PASS","EVDNC=ASSMB;HOMSEQ=GATTTATTTTTT;MAPQ=60;MATEID=613623669:1;MATENM=0;NM=0;NUMPARTS=2;SCTG=c_1_57869001_57894001_6C;SPAN=313;SVTYPE=BND","GT:AD:DP:GQ:PL:SR:DR:LR:LO","0/1:10:20:20.9:27.5,0,20.9:10:0:-27.41:27.41","DEL"
"81","chr1",58278241,"799224594:1","C","C[chr1:58279151[",46,"PASS","EVDNC=ASSMB;HOMSEQ=ACAC;MAPQ=60;MATEID=799224594:2;MATENM=0;NM=0;NUMPARTS=2;SCTG=c_1_58261001_58286001_1C;SPAN=910;SVTYPE=BND","GT:AD:DP:GQ:PL:SR:DR:LR:LO","1/1:15:12:4.2:46.2,4.2,0:15:0:-46.21:46.21","DEL"
"82","chr1",58279151,"799224594:2","A","]chr1:58278241]A",46,"PASS","EVDNC=ASSMB;HOMSEQ=ACAC;MAPQ=60;MATEID=799224594:1;MATENM=0;NM=0;NUMPARTS=2;SCTG=c_1_58261001_58286001_1C;SPAN=910;SVTYPE=BND","GT:AD:DP:GQ:PL:SR:DR:LR:LO","1/1:15:12:4.2:46.2,4.2,0:15:0:-46.21:46.21","DEL"
"83","chr1",59582964,"511357863:1","G","G[chr1:59583990[",56,"PASS","EVDNC=ASSMB;INSERTION=GATCCAAAGGAGCTATAAGGGTGC;MAPQ=60;MATEID=511357863:2;MATENM=2;NM=0;NUMPARTS=2;SCTG=c_1_59559501_59584501_5C;SPAN=1026;SVTYPE=BND","GT:AD:DP:GQ:PL:SR:DR:LR:LO","1/1:19:10:5.1:56.1,5.1,0:19:0:-56.11:56.11","DEL"
"84","chr1",59583990,"511357863:2","T","]chr1:59582964]T",56,"PASS","EVDNC=ASSMB;INSERTION=GATCCAAAGGAGCTATAAGGGTGC;MAPQ=60;MATEID=511357863:1;MATENM=0;NM=2;NUMPARTS=2;SCTG=c_1_59559501_59584501_5C;SPAN=1026;SVTYPE=BND","GT:AD:DP:GQ:PL:SR:DR:LR:LO","1/1:19:10:5.1:56.1,5.1,0:19:0:-56.11:56.11","DEL"
"85","chr1",60822424,"574517467:1","A","]chr1:60822666]A",15,"PASS","EVDNC=ASSMB;HOMSEQ=ATA;MAPQ=60;MATEID=574517467:2;MATENM=2;NM=0;NUMPARTS=2;SCTG=c_1_60809001_60834001_6C;SPAN=242;SVTYPE=BND","GT:AD:DP:GQ:PL:SR:DR:LR:LO","0/1:7:28:15.2:15.2,0,54.8:7:0:-15.24:16.51","DUP/INS"
"86","chr1",60822666,"574517467:2","A","A[chr1:60822424[",15,"PASS","EVDNC=ASSMB;HOMSEQ=ATA;MAPQ=60;MATEID=574517467:1;MATENM=0;NM=2;NUMPARTS=2;SCTG=c_1_60809001_60834001_6C;SPAN=242;SVTYPE=BND","GT:AD:DP:GQ:PL:SR:DR:LR:LO","0/1:7:28:15.2:15.2,0,54.8:7:0:-15.24:16.51","DUP/INS"
"87","chr1",62686157,"819978894:1","C","C[chr1:62686488[",46,"PASS","EVDNC=ASSMB;HOMSEQ=AGTAATAAC;MAPQ=60;MATEID=819978894:2;MATENM=0;NM=0;NUMPARTS=2;SCTG=c_1_62671001_62696001_3C;SPAN=331;SVTYPE=BND","GT:AD:DP:GQ:PL:SR:DR:LR:LO","1/1:16:13:4.2:46.2,4.2,0:16:0:-46.21:46.21","DEL"
"88","chr1",62686488,"819978894:2","A","]chr1:62686157]A",46,"PASS","EVDNC=ASSMB;HOMSEQ=AGTAATAAC;MAPQ=60;MATEID=819978894:1;MATENM=0;NM=0;NUMPARTS=2;SCTG=c_1_62671001_62696001_3C;SPAN=331;SVTYPE=BND","GT:AD:DP:GQ:PL:SR:DR:LR:LO","1/1:16:13:4.2:46.2,4.2,0:16:0:-46.21:46.21","DEL"
"89","chr1",63239695,"710396618:1","C","C[chr1:63242476[",18,"PASS","EVDNC=ASSMB;HOMSEQ=CAAGGTTTTC;MAPQ=60;MATEID=710396618:2;MATENM=0;NM=0;NUMPARTS=2;SCTG=c_1_63234501_63259501_1C;SPAN=2781;SVTYPE=BND","GT:AD:DP:GQ:PL:SR:DR:LR:LO","0/1:7:17:18.5:18.5,0,21.8:7:0:-18.33:18.38","DEL"
"90","chr1",63242476,"710396618:2","C","]chr1:63239695]C",18,"PASS","EVDNC=ASSMB;HOMSEQ=CAAGGTTTTC;MAPQ=60;MATEID=710396618:1;MATENM=0;NM=0;NUMPARTS=2;SCTG=c_1_63234501_63259501_1C;SPAN=2781;SVTYPE=BND","GT:AD:DP:GQ:PL:SR:DR:LR:LO","0/1:7:17:18.5:18.5,0,21.8:7:0:-18.33:18.38","DEL"
"91","chr1",72048424,"671798539:2","T","]chr1:46102285]T",32,"PASS","DISC_MAPQ=60;EVDNC=ASDIS;HOMSEQ=T;MAPQ=60;MATEID=671798539:1;MATENM=0;NM=0;NUMPARTS=2;SCTG=c_1_46084501_46109501_6C;SPAN=25946139;SVTYPE=BND","GT:AD:DP:GQ:PL:SR:DR:LR:LO","0/1:11:14:2.6:32.3,0,2.6:4:9:-33.83:33.83","DEL"
"92","chr1",224014606,"1050005494:2","A","A[chr1:789483[",39,"PASS","DISC_MAPQ=50;EVDNC=DSCRD;IMPRECISE;MAPQ=50;MATEID=1050005494:1;MATENM=-1;NM=-1;NUMPARTS=0;SCTG=chr1:789483(-)-chr1:224014606(+)__1_784001_809001D;SPAN=223225123;SVTYPE=BND","GT:AD:DP:GQ:PL:SR:DR:LR:LO","1/1:13:7:3.6:39.6,3.6,0:0:13:-39.61:39.61","DUP/INS"
"93","chr1",234776441,"925849578:2","A","[chr1:16725229[A",99,"PASS","DISC_MAPQ=59;EVDNC=ASDIS;INSERTION=ATGGGGC;MAPQ=60;MATEID=925849578:1;MATENM=4;NM=3;NUMPARTS=2;SCTG=c_1_16709001_16734001_0C;SPAN=218051212;SVTYPE=BND","GT:AD:DP:GQ:PL:SR:DR:LR:LO","1/1:71:25:19.8:217.8,19.8,0:48:49:-217.9:217.9","INV"
"94","chr3",13100043,"538112782:1","G","G[chr3:13101082[",36,"PASS","DISC_MAPQ=60;EVDNC=DSCRD;IMPRECISE;MAPQ=60;MATEID=538112782:2;MATENM=-1;NM=-1;NUMPARTS=0;SCTG=chr3:13100043(+)-chr3:13101082(-)__3_13083001_13108001D;SPAN=1039;SVTYPE=BND","GT:AD:DP:GQ:PL:SR:DR:LR:LO","1/1:12:4:3.3:36.3,3.3,0:0:12:-36.31:36.31","DEL"
"95","chr3",13101082,"538112782:2","A","]chr3:13100043]A",36,"PASS","DISC_MAPQ=60;EVDNC=DSCRD;IMPRECISE;MAPQ=60;MATEID=538112782:1;MATENM=-1;NM=-1;NUMPARTS=0;SCTG=chr3:13100043(+)-chr3:13101082(-)__3_13083001_13108001D;SPAN=1039;SVTYPE=BND","GT:AD:DP:GQ:PL:SR:DR:LR:LO","1/1:12:4:3.3:36.3,3.3,0:0:12:-36.31:36.31","DEL"
"96","chr3",93470364,"39577912:1","A","]chr3:93470770]A",0,"PASS","EVDNC=ASSMB;HOMSEQ=AATATATGGTTTGTGAACTTTGATATTTCATGTA;MAPQ=60;MATEID=39577912:2;MATENM=6;NM=4;NUMPARTS=2;SCTG=c_3_93467501_93492501_11C;SPAN=406;SVTYPE=BND","GT:AD:DP:GQ:PL:SR:DR:LR:LO","0/0:22:3362:99:0,871.6,1.022e+04:22:0:872.4:16.35","DUP/INS"
"97","chr3",93470770,"39577912:2","A","A[chr3:93470364[",0,"PASS","EVDNC=ASSMB;HOMSEQ=AATATATGGTTTGTGAACTTTGATATTTCATGTA;MAPQ=38;MATEID=39577912:1;MATENM=4;NM=6;NUMPARTS=2;SCTG=c_3_93467501_93492501_11C;SPAN=406;SVTYPE=BND","GT:AD:DP:GQ:PL:SR:DR:LR:LO","0/0:22:3362:99:0,871.6,1.022e+04:22:0:872.4:16.35","DUP/INS"
"98","chr3",126640095,"254375960:1","T","T[chr3:126640407[",13,"PASS","EVDNC=ASSMB;HOMSEQ=GCTGCTTGTGTTTTCT;MAPQ=60;MATEID=254375960:2;MATENM=0;NM=0;NUMPARTS=2;SCTG=c_3_126616001_126641001_0C;SPAN=312;SVTYPE=BND","GT:AD:DP:GQ:PL:SR:DR:LR:LO","1/1:5:3:1.2:13.2,1.2,0:5:0:-13.2:13.2","DEL"
"99","chr3",126640407,"254375960:2","G","]chr3:126640095]G",13,"PASS","EVDNC=ASSMB;HOMSEQ=GCTGCTTGTGTTTTCT;MAPQ=60;MATEID=254375960:1;MATENM=0;NM=0;NUMPARTS=2;SCTG=c_3_126616001_126641001_0C;SPAN=312;SVTYPE=BND","GT:AD:DP:GQ:PL:SR:DR:LR:LO","1/1:5:3:1.2:13.2,1.2,0:5:0:-13.2:13.2","DEL"
"100","chr16",34574406,"852023117:1","A","A[chr16:34588017[",48,"PASS","DISC_MAPQ=29;EVDNC=DSCRD;IMPRECISE;MAPQ=29;MATEID=852023117:2;MATENM=-1;NM=-1;NUMPARTS=0;SCTG=chr16:34574406(+)-chr16:34588017(-)__16_34569501_34594501D;SPAN=13611;SVTYPE=BND","GT:AD:DP:GQ:PL:SR:DR:LR:LO","0/1:22:85:48.8:48.8,0,164.3:0:22:-48.73:52.28","DEL"
"101","chr16",34585602,"889978745:1","T","[chr16:46380683[T",16,"PASS","DISC_MAPQ=16;EVDNC=DSCRD;IMPRECISE;MAPQ=16;MATEID=889978745:2;MATENM=-1;NM=-1;NUMPARTS=0;SCTG=chr16:34585602(-)-chr16:46380683(-)__16_34569501_34594501D;SPAN=11795081;SVTYPE=BND","GT:AD:DP:GQ:PL:SR:DR:LR:LO","0/1:10:58:16.7:16.7,0,128.9:0:10:-16.71:21.77","INV"
"102","chr16",34586256,"307736251:1","G","]chr16:34587313]G",69,"PASS","DISC_MAPQ=43;EVDNC=ASDIS;HOMSEQ=GAATCATCATCGAATGGA;MAPQ=60;MATEID=307736251:2;MATENM=0;NM=0;NUMPARTS=2;SCTG=c_16_34569501_34594501_70C;SPAN=1057;SVTYPE=BND","GT:AD:DP:GQ:PL:SR:DR:LR:LO","0/1:28:81:69.8:69.8,0,132.5:28:6:-69.66:70.78","DUP/INS"
"103","chr16",34587082,"273669466:1","G","]chr16:46393666]G",33,"PASS","DISC_MAPQ=36;EVDNC=DSCRD;IMPRECISE;MAPQ=36;MATEID=273669466:2;MATENM=-1;NM=-1;NUMPARTS=0;SCTG=chr16:34587082(-)-chr16:46393666(+)__16_46378501_46403501D;SPAN=11806584;SVTYPE=BND","GT:AD:DP:GQ:PL:SR:DR:LR:LO","1/1:11:7:3:33,3,0:0:11:-33.01:33.01","DUP/INS"
"104","chr16",34587313,"307736251:2","A","A[chr16:34586256[",69,"PASS","DISC_MAPQ=32;EVDNC=ASDIS;HOMSEQ=GAATCATCATCGAATGGA;MAPQ=60;MATEID=307736251:1;MATENM=0;NM=0;NUMPARTS=2;SCTG=c_16_34569501_34594501_70C;SPAN=1057;SVTYPE=BND","GT:AD:DP:GQ:PL:SR:DR:LR:LO","0/1:28:81:69.8:69.8,0,132.5:28:6:-69.66:70.78","DUP/INS"
"105","chr16",34588017,"852023117:2","G","]chr16:34574406]G",48,"PASS","DISC_MAPQ=26;EVDNC=DSCRD;IMPRECISE;MAPQ=26;MATEID=852023117:1;MATENM=-1;NM=-1;NUMPARTS=0;SCTG=chr16:34574406(+)-chr16:34588017(-)__16_34569501_34594501D;SPAN=13611;SVTYPE=BND","GT:AD:DP:GQ:PL:SR:DR:LR:LO","0/1:22:85:48.8:48.8,0,164.3:0:22:-48.73:52.28","DEL"
"106","chr16",46380683,"889978745:2","G","[chr16:34585602[G",16,"PASS","DISC_MAPQ=17;EVDNC=DSCRD;IMPRECISE;MAPQ=17;MATEID=889978745:1;MATENM=-1;NM=-1;NUMPARTS=0;SCTG=chr16:34585602(-)-chr16:46380683(-)__16_34569501_34594501D;SPAN=11795081;SVTYPE=BND","GT:AD:DP:GQ:PL:SR:DR:LR:LO","0/1:10:58:16.7:16.7,0,128.9:0:10:-16.71:21.77","INV"
"107","chr16",46388931,"35254671:1","G","]chr16:46393204]G",99,"PASS","EVDNC=ASSMB;INSERTION=GAGTCTATTTATGTATTATATTCGTGTCCACTTC;MAPQ=23;MATEID=35254671:2;MATENM=2;NM=2;NUMPARTS=2;SCTG=c_16_46378501_46403501_8C;SPAN=4273;SVTYPE=BND","GT:AD:DP:GQ:PL:SR:DR:LR:LO","0/1:77:317:99:165.1,0,633.8:77:0:-165.1:180.5","DUP/INS"
"108","chr16",46393204,"35254671:2","T","T[chr16:46388931[",99,"PASS","EVDNC=ASSMB;INSERTION=GAGTCTATTTATGTATTATATTCGTGTCCACTTC;MAPQ=46;MATEID=35254671:1;MATENM=2;NM=2;NUMPARTS=2;SCTG=c_16_46378501_46403501_8C;SPAN=4273;SVTYPE=BND","GT:AD:DP:GQ:PL:SR:DR:LR:LO","0/1:77:317:99:165.1,0,633.8:77:0:-165.1:180.5","DUP/INS"
"109","chr16",46393250,"789614901:1","T","T[chr16:46400993[",22,"PASS","DISC_MAPQ=8;EVDNC=ASDIS;HOMSEQ=GGACTCGAATGGAATCAT;MAPQ=25;MATEID=789614901:2;MATENM=1;NM=6;NUMPARTS=2;SCTG=c_16_46378501_46403501_150C;SPAN=7743;SUBN=1;SVTYPE=BND","GT:AD:DP:GQ:PL:SR:DR:LR:LO","0/1:20:156:22.3:22.3,0,368.9:10:11:-22.17:40.74","DEL"
"110","chr16",46393666,"273669466:2","C","C[chr16:34587082[",33,"PASS","DISC_MAPQ=26;EVDNC=DSCRD;IMPRECISE;MAPQ=26;MATEID=273669466:1;MATENM=-1;NM=-1;NUMPARTS=0;SCTG=chr16:34587082(-)-chr16:46393666(+)__16_46378501_46403501D;SPAN=11806584;SVTYPE=BND","GT:AD:DP:GQ:PL:SR:DR:LR:LO","1/1:11:7:3:33,3,0:0:11:-33.01:33.01","DUP/INS"
"111","chr16",46400993,"789614901:2","G","]chr16:46393250]G",22,"PASS","DISC_MAPQ=7;EVDNC=ASDIS;HOMSEQ=GGACTCGAATGGAATCAT;MAPQ=11;MATEID=789614901:1;MATENM=6;NM=1;NUMPARTS=2;SCTG=c_16_46378501_46403501_150C;SPAN=7743;SVTYPE=BND","GT:AD:DP:GQ:PL:SR:DR:LR:LO","0/1:20:156:22.3:22.3,0,368.9:10:11:-22.17:40.74","DEL"
"112","chr19",11311340,"231238287:2","T","T[chr1:37775711[",19,"PASS","EVDNC=ASSMB;MAPQ=60;MATEID=231238287:1;MATENM=0;NM=2;NUMPARTS=2;SCTG=c_1_37754501_37779501_5C;SPAN=-1;SVTYPE=BND","GT:AD:DP:GQ:PL:SR:DR:LR:LO","0/1:7:13:12.8:19.4,0,12.8:7:0:-19.51:19.51","DUP/INS"
"113","chr19",27365941,"158301672:1","T","[chr20:30926139[T",14,"PASS","DISC_MAPQ=255;EVDNC=ASDIS;HOMSEQ=TTTGGAAACAGTCTTTCTGTAGAATATGCA;MAPQ=60;MATEID=158301672:2;MATENM=5;NM=1;NUMPARTS=2;SCTG=c_20_30919001_30944001_24C;SPAN=-1;SVTYPE=BND","GT:AD:DP:GQ:PL:SR:DR:LR:LO","0/1:9:54:14.6:14.6,0,120.2:9:4:-14.53:19.44","INV"
"114","chr20",60903,"291650487:1","C","]chr20:63321]C",49,"PASS","DISC_MAPQ=20;EVDNC=DSCRD;IMPRECISE;MAPQ=20;MATEID=291650487:2;MATENM=-1;NM=-1;NUMPARTS=0;SCTG=chr20:60903(-)-chr20:63321(+)__20_49001_74001D;SPAN=2418;SVTYPE=BND","GT:AD:DP:GQ:PL:SR:DR:LR:LO","1/1:15:17:4.5:49.5,4.5,0:0:15:-48.04:48.04","DUP/INS"
"115","chr20",61934,"872819902:1","A","A[chr20:63841[",24,"PASS","DISC_MAPQ=60;EVDNC=TSI_G;HOMSEQ=CATTCGACTCCATTGCATTCCCCTCCATTCCATTCCATTCTGCTCAACTCCATTCCATTCCAATCCACTCCATTCCATTCCCCTGCTCTCCATT;INSERTION=TTCGACTCCATTGCATTCCCCTCCATTCCATTCCATTCTGCTCAACTCCATTCCATTCCAATCCACTCCATTCCATTCCCCTGCTCTCCATTACCCTGAACTCCATTCCATTCCATTTCACTCCACTCCATTCCACTTAATTCCATTCTATTCCATTCCATTCCATTCCACTCCACTCCACTCCATTCCATTCCATTCCA;MAPQ=13;MATEID=872819902:2;MATENM=0;NM=1;NUMPARTS=4;SCTG=c_20_49001_74001_41C;SPAN=1907;SUBN=4;SVTYPE=BND","GT:AD:DP:GQ:PL:SR:DR:LR:LO","0/1:13:65:24.8:24.8,0,137:12:2:-24.64:29.23","DEL"
"116","chr20",63321,"291650487:2","N","N[chr20:60903[",49,"PASS","DISC_MAPQ=20;EVDNC=DSCRD;IMPRECISE;MAPQ=20;MATEID=291650487:1;MATENM=-1;NM=-1;NUMPARTS=0;SCTG=chr20:60903(-)-chr20:63321(+)__20_49001_74001D;SPAN=2418;SVTYPE=BND","GT:AD:DP:GQ:PL:SR:DR:LR:LO","1/1:15:17:4.5:49.5,4.5,0:0:15:-48.04:48.04","DUP/INS"
"117","chr20",63841,"872819902:2","G","]chr20:61934]G",24,"PASS","DISC_MAPQ=30;EVDNC=TSI_G;HOMSEQ=CATTCGACTCCATTGCATTCCCCTCCATTCCATTCCATTCTGCTCAACTCCATTCCATTCCAATCCACTCCATTCCATTCCCCTGCTCTCCATT;INSERTION=TTCGACTCCATTGCATTCCCCTCCATTCCATTCCATTCTGCTCAACTCCATTCCATTCCAATCCACTCCATTCCATTCCCCTGCTCTCCATTACCCTGAACTCCATTCCATTCCATTTCACTCCACTCCATTCCACTTAATTCCATTCTATTCCATTCCATTCCATTCCACTCCACTCCACTCCATTCCATTCCATTCCA;MAPQ=60;MATEID=872819902:1;MATENM=1;NM=0;NUMPARTS=4;SCTG=c_20_49001_74001_41C;SPAN=1907;SVTYPE=BND","GT:AD:DP:GQ:PL:SR:DR:LR:LO","0/1:13:65:24.8:24.8,0,137:12:2:-24.64:29.23","DEL"
"118","chr20",1072405,"808607271:1","T","]chr20:1072507]T",5,"PASS","EVDNC=ASSMB;HOMSEQ=TTC;MAPQ=60;MATEID=808607271:2;MATENM=0;NM=0;NUMPARTS=2;SCTG=c_20_1053501_1078501_1C;SPAN=102;SVTYPE=BND","GT:AD:DP:GQ:PL:SR:DR:LR:LO","0/1:4:26:5.9:5.9,0,58.7:4:0:-5.896:8.49","DUP/INS"
"119","chr20",1072507,"808607271:2","C","C[chr20:1072405[",5,"PASS","EVDNC=ASSMB;HOMSEQ=TTC;MAPQ=60;MATEID=808607271:1;MATENM=0;NM=0;NUMPARTS=2;SCTG=c_20_1053501_1078501_1C;SPAN=102;SVTYPE=BND","GT:AD:DP:GQ:PL:SR:DR:LR:LO","0/1:4:26:5.9:5.9,0,58.7:4:0:-5.896:8.49","DUP/INS"
"120","chr20",1408502,"645045856:1","A","A[chr20:1410171[",25,"PASS","EVDNC=ASSMB;HOMSEQ=ACA;MAPQ=60;MATEID=645045856:2;MATENM=0;NM=1;NUMPARTS=2;SCTG=c_20_1396501_1421501_6C;SPAN=1669;SVTYPE=BND","GT:AD:DP:GQ:PL:SR:DR:LR:LO","0/1:9:16:12.2:25.4,0,12.2:9:0:-25.35:25.35","DEL"
"121","chr20",1410171,"645045856:2","A","]chr20:1408502]A",25,"PASS","EVDNC=ASSMB;HOMSEQ=ACA;MAPQ=60;MATEID=645045856:1;MATENM=1;NM=0;NUMPARTS=2;SCTG=c_20_1396501_1421501_6C;SPAN=1669;SVTYPE=BND","GT:AD:DP:GQ:PL:SR:DR:LR:LO","0/1:9:16:12.2:25.4,0,12.2:9:0:-25.35:25.35","DEL"
"122","chr20",2379056,"680409783:1","C","]chr20:2379968]C",34,"PASS","DISC_MAPQ=54;EVDNC=TSI_L;INSERTION=TGAGG;MAPQ=60;MATEID=680409783:2;MATENM=0;NM=0;NUMPARTS=3;REPSEQ=GG;SCTG=c_20_2376501_2401501_11C;SPAN=912;SVTYPE=BND","GT:AD:DP:GQ:PL:SR:DR:LR:LO","0/1:13:32:34.1:34.1,0,44:9:10:-33.92:34.03","DUP/INS"
"123","chr20",2379257,"996623714:1","T","T[chr20:2379963[",11,"PASS","DISC_MAPQ=255;EVDNC=TSI_L;INSERTION=TGAGG;MAPQ=60;MATEID=996623714:2;MATENM=0;NM=0;NUMPARTS=3;REPSEQ=CCC;SCTG=c_20_2376501_2401501_11C;SPAN=706;SVTYPE=BND","GT:AD:DP:GQ:PL:SR:DR:LR:LO","0/1:6:31:11.3:11.3,0,64.1:6:0:-11.09:13.39","DEL"
"124","chr20",2379963,"909547039:1","G","]chr20:2379968]G",24,"PASS","DISC_MAPQ=255;EVDNC=TSI_G;INSERTION=TGAGGCTGCTGAAGGTCACACAGCCAGTTTGGCCCAGAGATAACAGAACCCAGGACTCTACTGCCAGGCTATGATGCTCACTTCTAAACTGAGTATGGGCCGGGTGCAGTGGCTCTCACTTGTAATCTCGCACTTTGGGAGGCTGAGGTGGGCAGATCACCTGAGGTCAGGAGTTTGAGACCAGCCTGGCCAACATGGCGAAACTGT;MAPQ=60;MATEID=909547039:2;MATENM=0;NM=0;NUMPARTS=3;SCTG=c_20_2376501_2401501_11C;SPAN=5;SVTYPE=BND","GT:AD:DP:GQ:PL:SR:DR:LR:LO","0/1:10:29:24.8:24.8,0,47.9:10:0:-24.86:25.27","DUP/INS"
"125","chr20",2379963,"996623714:2","G","]chr20:2379257]G",11,"PASS","DISC_MAPQ=255;EVDNC=TSI_L;INSERTION=TGAGG;MAPQ=60;MATEID=996623714:1;MATENM=0;NM=0;NUMPARTS=3;REPSEQ=CCC;SCTG=c_20_2376501_2401501_11C;SPAN=706;SVTYPE=BND","GT:AD:DP:GQ:PL:SR:DR:LR:LO","0/1:6:31:11.3:11.3,0,64.1:6:0:-11.09:13.39","DEL"
"126","chr20",2379968,"680409783:2","G","G[chr20:2379056[",34,"PASS","DISC_MAPQ=60;EVDNC=TSI_L;INSERTION=TGAGG;MAPQ=60;MATEID=680409783:1;MATENM=0;NM=0;NUMPARTS=3;REPSEQ=GG;SCTG=c_20_2376501_2401501_11C;SPAN=912;SVTYPE=BND","GT:AD:DP:GQ:PL:SR:DR:LR:LO","0/1:13:32:34.1:34.1,0,44:9:10:-33.92:34.03","DUP/INS"
"127","chr20",2379968,"909547039:2","G","G[chr20:2379963[",24,"PASS","DISC_MAPQ=255;EVDNC=TSI_G;INSERTION=TGAGGCTGCTGAAGGTCACACAGCCAGTTTGGCCCAGAGATAACAGAACCCAGGACTCTACTGCCAGGCTATGATGCTCACTTCTAAACTGAGTATGGGCCGGGTGCAGTGGCTCTCACTTGTAATCTCGCACTTTGGGAGGCTGAGGTGGGCAGATCACCTGAGGTCAGGAGTTTGAGACCAGCCTGGCCAACATGGCGAAACTGT;MAPQ=60;MATEID=909547039:1;MATENM=0;NM=0;NUMPARTS=3;SCTG=c_20_2376501_2401501_11C;SPAN=5;SVTYPE=BND","GT:AD:DP:GQ:PL:SR:DR:LR:LO","0/1:10:29:24.8:24.8,0,47.9:10:0:-24.86:25.27","DUP/INS"
"128","chr20",2822516,"715931647:1","T","T[chr20:2825764[",25,"PASS","EVDNC=ASSMB;HOMSEQ=AAAAGAACTTGATTT;MAPQ=60;MATEID=715931647:2;MATENM=0;NM=0;NUMPARTS=2;SCTG=c_20_2817501_2842501_6C;SPAN=3248;SVTYPE=BND","GT:AD:DP:GQ:PL:SR:DR:LR:LO","0/1:9:15:12.2:25.4,0,12.2:9:0:-25.74:25.74","DEL"
"129","chr20",2825764,"715931647:2","A","]chr20:2822516]A",25,"PASS","EVDNC=ASSMB;HOMSEQ=AAAAGAACTTGATTT;MAPQ=60;MATEID=715931647:1;MATENM=0;NM=0;NUMPARTS=2;SCTG=c_20_2817501_2842501_6C;SPAN=3248;SVTYPE=BND","GT:AD:DP:GQ:PL:SR:DR:LR:LO","0/1:9:15:12.2:25.4,0,12.2:9:0:-25.74:25.74","DEL"
"130","chr20",2883370,"133286050:1","A","A[chr20:2883678[",12,"PASS","EVDNC=ASSMB;HOMSEQ=AGAAAGAAATGTGCA;MAPQ=60;MATEID=133286050:2;MATENM=0;NM=1;NUMPARTS=2;SCTG=c_20_2866501_2891501_8C;SPAN=308;SVTYPE=BND","GT:AD:DP:GQ:PL:SR:DR:LR:LO","0/1:6:26:12.5:12.5,0,52.1:6:0:-12.5:13.91","DEL"
"131","chr20",2883678,"133286050:2","A","]chr20:2883370]A",12,"PASS","EVDNC=ASSMB;HOMSEQ=AGAAAGAAATGTGCA;MAPQ=60;MATEID=133286050:1;MATENM=1;NM=0;NUMPARTS=2;SCTG=c_20_2866501_2891501_8C;SPAN=308;SVTYPE=BND","GT:AD:DP:GQ:PL:SR:DR:LR:LO","0/1:6:26:12.5:12.5,0,52.1:6:0:-12.5:13.91","DEL"
"132","chr20",3041146,"75402951:1","G","G[chr20:3041407[",15,"PASS","EVDNC=ASSMB;HOMSEQ=CAGTGAGCTGAGATCACGCCACTGCACTCCAGCCTGG;MAPQ=60;MATEID=75402951:2;MATENM=2;NM=2;NUMPARTS=2;SCTG=c_20_3038001_3063001_21C;SPAN=261;SVTYPE=BND","GT:AD:DP:GQ:PL:SR:DR:LR:LO","0/1:6:16:15.5:15.5,0,22.1:6:0:-15.31:15.44","DEL"
"133","chr20",3041407,"75402951:2","C","]chr20:3041146]C",15,"PASS","EVDNC=ASSMB;HOMSEQ=CAGTGAGCTGAGATCACGCCACTGCACTCCAGCCTGG;MAPQ=60;MATEID=75402951:1;MATENM=2;NM=2;NUMPARTS=2;SCTG=c_20_3038001_3063001_21C;SPAN=261;SVTYPE=BND","GT:AD:DP:GQ:PL:SR:DR:LR:LO","0/1:6:16:15.5:15.5,0,22.1:6:0:-15.31:15.44","DEL"
"134","chr20",4446666,"814752534:1","G","]chrUn_KN707691v1_decoy:4885]G",39,"PASS","EVDNC=ASSMB;MAPQ=60;MATEID=814752534:2;MATENM=0;NM=1;NUMPARTS=2;SCTG=c_20_4434501_4459501_11C;SPAN=-1;SVTYPE=BND","GT:AD:DP:GQ:PL:SR:DR:LR:LO","1/1:13:6:3.6:39.6,3.6,0:13:0:-39.61:39.61","DUP/INS"
"135","chr20",5699469,"944940481:1","A","]chr20:5699585]A",40,"PASS","EVDNC=ASSMB;INSERTION=ATGCCCCAACCTCCCAAGC;MAPQ=60;MATEID=944940481:2;MATENM=5;NM=0;NUMPARTS=2;SCTG=c_20_5684001_5709001_6C;SPAN=116;SVTYPE=BND","GT:AD:DP:GQ:PL:SR:DR:LR:LO","0/1:16:45:40.1:40.1,0,73.1:16:0:-40.17:40.69","DUP/INS"
"136","chr20",5699585,"944940481:2","C","C[chr20:5699469[",40,"PASS","EVDNC=ASSMB;INSERTION=ATGCCCCAACCTCCCAAGC;MAPQ=18;MATEID=944940481:1;MATENM=0;NM=5;NUMPARTS=2;SCTG=c_20_5684001_5709001_6C;SPAN=116;SVTYPE=BND","GT:AD:DP:GQ:PL:SR:DR:LR:LO","0/1:16:45:40.1:40.1,0,73.1:16:0:-40.17:40.69","DUP/INS"
"137","chr20",5962354,"607567849:1","T","T[chr20:5962671[",14,"PASS","EVDNC=ASSMB;HOMSEQ=GCCTTCATTTCTT;MAPQ=60;MATEID=607567849:2;MATENM=0;NM=1;NUMPARTS=2;SCTG=c_20_5953501_5978501_4C;SPAN=317;SVTYPE=BND","GT:AD:DP:GQ:PL:SR:DR:LR:LO","0/1:6:19:14.6:14.6,0,31.1:6:0:-14.47:14.88","DEL"
"138","chr20",5962671,"607567849:2","G","]chr20:5962354]G",14,"PASS","EVDNC=ASSMB;HOMSEQ=GCCTTCATTTCTT;MAPQ=60;MATEID=607567849:1;MATENM=1;NM=0;NUMPARTS=2;SCTG=c_20_5953501_5978501_4C;SPAN=317;SVTYPE=BND","GT:AD:DP:GQ:PL:SR:DR:LR:LO","0/1:6:19:14.6:14.6,0,31.1:6:0:-14.47:14.88","DEL"
"139","chr20",6170312,"991340975:1","C","C[chr20:6170631[",46,"PASS","EVDNC=ASSMB;HOMSEQ=AAGAGTGGACATCC;MAPQ=60;MATEID=991340975:2;MATENM=0;NM=0;NUMPARTS=2;SCTG=c_20_6149501_6174501_3C;SPAN=319;SVTYPE=BND","GT:AD:DP:GQ:PL:SR:DR:LR:LO","1/1:16:13:4.2:46.2,4.2,0:16:0:-46.21:46.21","DEL"
"140","chr20",6170631,"991340975:2","A","]chr20:6170312]A",46,"PASS","EVDNC=ASSMB;HOMSEQ=AAGAGTGGACATCC;MAPQ=60;MATEID=991340975:1;MATENM=0;NM=0;NUMPARTS=2;SCTG=c_20_6149501_6174501_3C;SPAN=319;SVTYPE=BND","GT:AD:DP:GQ:PL:SR:DR:LR:LO","1/1:16:13:4.2:46.2,4.2,0:16:0:-46.21:46.21","DEL"
"141","chr20",7293703,"792514022:1","T","T[chr20:7294003[",46,"PASS","EVDNC=ASSMB;HOMSEQ=GACAATACATTTTT;MAPQ=60;MATEID=792514022:2;MATENM=0;NM=1;NUMPARTS=2;SCTG=c_20_7276501_7301501_20C;SPAN=300;SVTYPE=BND","GT:AD:DP:GQ:PL:SR:DR:LR:LO","1/1:16:13:4.2:46.2,4.2,0:16:0:-46.21:46.21","DEL"
"142","chr20",7294003,"792514022:2","G","]chr20:7293703]G",46,"PASS","EVDNC=ASSMB;HOMSEQ=GACAATACATTTTT;MAPQ=60;MATEID=792514022:1;MATENM=1;NM=0;NUMPARTS=2;SCTG=c_20_7276501_7301501_20C;SPAN=300;SVTYPE=BND","GT:AD:DP:GQ:PL:SR:DR:LR:LO","1/1:16:13:4.2:46.2,4.2,0:16:0:-46.21:46.21","DEL"
"143","chr20",8433393,"838100113:1","G","G[chr20:8433810[",28,"PASS","DISC_MAPQ=60;EVDNC=ASDIS;MAPQ=60;MATEID=838100113:2;MATENM=0;NM=1;NUMPARTS=2;SCTG=c_20_8428001_8453001_5C;SPAN=417;SVTYPE=BND","GT:AD:DP:GQ:PL:SR:DR:LR:LO","0/1:10:18:14.9:28.1,0,14.9:7:6:-28.08:28.08","DEL"
"144","chr20",8433810,"838100113:2","T","]chr20:8433393]T",28,"PASS","DISC_MAPQ=58;EVDNC=ASDIS;MAPQ=60;MATEID=838100113:1;MATENM=1;NM=0;NUMPARTS=2;SCTG=c_20_8428001_8453001_5C;SPAN=417;SVTYPE=BND","GT:AD:DP:GQ:PL:SR:DR:LR:LO","0/1:10:18:14.9:28.1,0,14.9:7:6:-28.08:28.08","DEL"
"145","chr20",10323922,"815612512:1","C","]chr20:10324068]C",31,"PASS","EVDNC=ASSMB;HOMSEQ=CCT;MAPQ=60;MATEID=815612512:2;MATENM=1;NM=1;NUMPARTS=2;SCTG=c_20_10314501_10339501_8C;SPAN=146;SVTYPE=BND","GT:AD:DP:GQ:PL:SR:DR:LR:LO","0/1:13:41:31.4:31.4,0,71:13:0:-31.39:32.26","DUP/INS"
"146","chr20",10324068,"815612512:2","T","T[chr20:10323922[",31,"PASS","EVDNC=ASSMB;HOMSEQ=CCT;MAPQ=60;MATEID=815612512:1;MATENM=1;NM=1;NUMPARTS=2;SCTG=c_20_10314501_10339501_8C;SPAN=146;SVTYPE=BND","GT:AD:DP:GQ:PL:SR:DR:LR:LO","0/1:13:41:31.4:31.4,0,71:13:0:-31.39:32.26","DUP/INS"
"147","chr20",11300936,"505965684:1","A","[chrX:82395786[A",42,"PASS","DISC_MAPQ=255;EVDNC=ASDIS;INSERTION=TTTAATACT;MAPQ=60;MATEID=505965684:2;MATENM=2;NM=0;NUMPARTS=2;SCTG=c_23_82393501_82418501_0C;SPAN=-1;SVTYPE=BND","GT:AD:DP:GQ:PL:SR:DR:LR:LO","1/1:14:4:3.9:42.9,3.9,0:11:8:-42.91:42.91","INV"
"148","chr20",11536630,"636310535:1","T","T[chr20:11536941[",29,"PASS","EVDNC=ASSMB;HOMSEQ=CAAATTCTGTCTT;MAPQ=60;MATEID=636310535:2;MATENM=0;NM=0;NUMPARTS=2;SCTG=c_20_11515001_11540001_4C;SPAN=311;SVTYPE=BND","GT:AD:DP:GQ:PL:SR:DR:LR:LO","0/1:11:23:26.6:29.9,0,26.6:11:0:-29.85:29.85","DEL"
"149","chr20",11536941,"636310535:2","C","]chr20:11536630]C",29,"PASS","EVDNC=ASSMB;HOMSEQ=CAAATTCTGTCTT;MAPQ=60;MATEID=636310535:1;MATENM=0;NM=0;NUMPARTS=2;SCTG=c_20_11515001_11540001_4C;SPAN=311;SVTYPE=BND","GT:AD:DP:GQ:PL:SR:DR:LR:LO","0/1:11:23:26.6:29.9,0,26.6:11:0:-29.85:29.85","DEL"
"150","chr20",13951577,"651794315:1","T","T[chrUn_KN707773v1_decoy:1[",49,"PASS","DISC_MAPQ=50;EVDNC=ASDIS;MAPQ=60;MATEID=651794315:2;MATENM=0;NM=4;NUMPARTS=2;SCTG=c_20_13940501_13965501_14C;SPAN=-1;SVTYPE=BND","GT:AD:DP:GQ:PL:SR:DR:LR:LO","1/1:17:11:4.5:49.5,4.5,0:12:6:-49.51:49.51","DEL"
"151","chr20",15454656,"830703716:1","A","A[chr20:15454832[",29,"PASS","EVDNC=ASSMB;INSERTION=CTGCAAAAGAT;MAPQ=60;MATEID=830703716:2;MATENM=1;NM=1;NUMPARTS=2;SCTG=c_20_15435001_15460001_14C;SPAN=176;SVTYPE=BND","GT:AD:DP:GQ:PL:SR:DR:LR:LO","0/1:10:13:2.9:29.3,0,2.9:10:0:-30.55:30.55","DEL"
"152","chr20",15454832,"830703716:2","A","]chr20:15454656]A",29,"PASS","EVDNC=ASSMB;INSERTION=CTGCAAAAGAT;MAPQ=60;MATEID=830703716:1;MATENM=1;NM=1;NUMPARTS=2;SCTG=c_20_15435001_15460001_14C;SPAN=176;SVTYPE=BND","GT:AD:DP:GQ:PL:SR:DR:LR:LO","0/1:10:13:2.9:29.3,0,2.9:10:0:-30.55:30.55","DEL"
"153","chr20",18261072,"388915929:1","A","A[chr20:18262323[",26,"PASS","DISC_MAPQ=60;EVDNC=ASDIS;HOMSEQ=GCA;INSERTION=CA;MAPQ=60;MATEID=388915929:2;MATENM=0;NM=0;NUMPARTS=3;SCTG=c_20_18252501_18277501_11C;SECONDARY;SPAN=1251;SUBN=1;SVTYPE=BND","GT:AD:DP:GQ:PL:SR:DR:LR:LO","0/1:10:23:26.6:26.6,0,29.9:8:3:-26.55:26.57","DEL"
"154","chr20",18262323,"388915929:2","G","]chr20:18261072]G",26,"PASS","DISC_MAPQ=60;EVDNC=ASDIS;HOMSEQ=GCA;INSERTION=CA;MAPQ=60;MATEID=388915929:1;MATENM=0;NM=0;NUMPARTS=3;SCTG=c_20_18252501_18277501_11C;SECONDARY;SPAN=1251;SVTYPE=BND","GT:AD:DP:GQ:PL:SR:DR:LR:LO","0/1:10:23:26.6:26.6,0,29.9:8:3:-26.55:26.57","DEL"
"155","chr20",20337286,"474018584:1","A","]chr20:20337704]A",19,"PASS","DISC_MAPQ=26;EVDNC=DSCRD;IMPRECISE;MAPQ=26;MATEID=474018584:2;MATENM=-1;NM=-1;NUMPARTS=0;SCTG=chr20:20337286(-)-chr20:20337704(+)__20_20335001_20360001D;SPAN=418;SVTYPE=BND","GT:AD:DP:GQ:PL:SR:DR:LR:LO","0/1:8:25:19.4:19.4,0,42.5:0:8:-19.38:19.89","DUP/INS"
"156","chr20",20337704,"474018584:2","G","G[chr20:20337286[",19,"PASS","DISC_MAPQ=24;EVDNC=DSCRD;IMPRECISE;MAPQ=24;MATEID=474018584:1;MATENM=-1;NM=-1;NUMPARTS=0;SCTG=chr20:20337286(-)-chr20:20337704(+)__20_20335001_20360001D;SPAN=418;SVTYPE=BND","GT:AD:DP:GQ:PL:SR:DR:LR:LO","0/1:8:25:19.4:19.4,0,42.5:0:8:-19.38:19.89","DUP/INS"
"157","chr20",21209594,"594914180:1","A","]chr20:21209838]A",10,"PASS","EVDNC=ASSMB;MAPQ=60;MATEID=594914180:2;MATENM=0;NM=0;NUMPARTS=2;SCTG=c_20_21192501_21217501_16C;SPAN=244;SVTYPE=BND","GT:AD:DP:GQ:PL:SR:DR:LR:LO","0/1:6:33:10.7:10.7,0,70.1:6:0:-10.53:13.21","DUP/INS"
"158","chr20",21209838,"594914180:2","A","A[chr20:21209594[",10,"PASS","EVDNC=ASSMB;MAPQ=60;MATEID=594914180:1;MATENM=0;NM=0;NUMPARTS=2;SCTG=c_20_21192501_21217501_16C;SPAN=244;SVTYPE=BND","GT:AD:DP:GQ:PL:SR:DR:LR:LO","0/1:6:33:10.7:10.7,0,70.1:6:0:-10.53:13.21","DUP/INS"
"159","chr20",23122559,"858419313:1","G","[chr20:23122996[G",44,"PASS","DISC_MAPQ=60;EVDNC=TSI_L;HOMSEQ=CC;MAPQ=60;MATEID=858419313:2;MATENM=0;NM=0;NUMPARTS=3;REPSEQ=ATAATA;SCTG=c_20_23103501_23128501_3C;SPAN=437;SVTYPE=BND","GT:AD:DP:GQ:PL:SR:DR:LR:LO","1/1:18:19:5:44.2,5,0:17:10:-44.22:44.22","INV"
"160","chr20",23122996,"858419313:2","C","[chr20:23122559[C",44,"PASS","DISC_MAPQ=255;EVDNC=TSI_L;HOMSEQ=CC;MAPQ=60;MATEID=858419313:1;MATENM=0;NM=0;NUMPARTS=3;REPSEQ=ATAATA;SCTG=c_20_23103501_23128501_3C;SPAN=437;SVTYPE=BND","GT:AD:DP:GQ:PL:SR:DR:LR:LO","1/1:18:19:5:44.2,5,0:17:10:-44.22:44.22","INV"
"161","chr20",24923063,"186856400:1","C","C[chr20:24923780[",29,"PASS","EVDNC=ASSMB;HOMSEQ=GC;MAPQ=60;MATEID=186856400:2;MATENM=0;NM=1;NUMPARTS=2;SCTG=c_20_24916501_24941501_6C;SPAN=717;SVTYPE=BND","GT:AD:DP:GQ:PL:SR:DR:LR:LO","1/1:10:5:2.7:29.7,2.7,0:10:0:-29.71:29.71","DEL"
"162","chr20",24923780,"186856400:2","G","]chr20:24923063]G",29,"PASS","EVDNC=ASSMB;HOMSEQ=GC;MAPQ=60;MATEID=186856400:1;MATENM=1;NM=0;NUMPARTS=2;SCTG=c_20_24916501_24941501_6C;SPAN=717;SVTYPE=BND","GT:AD:DP:GQ:PL:SR:DR:LR:LO","1/1:10:5:2.7:29.7,2.7,0:10:0:-29.71:29.71","DEL"
"163","chr20",25601610,"546603632:1","A","A[chrUn_JTFH01000866v1_decoy:1[",29,"PASS","DISC_MAPQ=60;EVDNC=ASDIS;HOMSEQ=TACAACCCTTCTAGACACACCCAGTGTGACATGCACACCCCCTACACACA;MAPQ=60;MATEID=546603632:2;MATENM=0;NM=1;NUMPARTS=2;SCTG=c_20_25578001_25603001_3C;SPAN=-1;SVTYPE=BND","GT:AD:DP:GQ:PL:SR:DR:LR:LO","1/1:10:5:2.7:29.7,2.7,0:5:6:-29.71:29.71","DEL"
"164","chr20",25908743,"340211029:1","C","[chr20:29651855[C",20,"PASS","DISC_MAPQ=27;EVDNC=DSCRD;IMPRECISE;MAPQ=27;MATEID=340211029:2;MATENM=-1;NM=-1;NUMPARTS=0;SCTG=chr20:25908743(-)-chr20:29651855(-)__20_25896501_25921501D;SPAN=3743112;SVTYPE=BND","GT:AD:DP:GQ:PL:SR:DR:LR:LO","0/1:8:20:20.9:20.9,0,27.5:0:8:-20.79:20.87","INV"
"165","chr20",26112116,"989284155:1","A","A[chr20:26113680[",52,"PASS","DISC_MAPQ=20;EVDNC=ASDIS;HOMSEQ=A;MAPQ=60;MATEID=989284155:2;MATENM=0;NM=0;NUMPARTS=2;SCTG=c_20_26092501_26117501_6C;SPAN=1564;SVTYPE=BND","GT:AD:DP:GQ:PL:SR:DR:LR:LO","1/1:18:16:4.8:52.8,4.8,0:7:12:-52.81:52.81","DEL"
"166","chr20",26113680,"989284155:2","A","]chr20:26112116]A",52,"PASS","DISC_MAPQ=35;EVDNC=ASDIS;HOMSEQ=A;MAPQ=60;MATEID=989284155:1;MATENM=0;NM=0;NUMPARTS=2;SCTG=c_20_26092501_26117501_6C;SPAN=1564;SVTYPE=BND","GT:AD:DP:GQ:PL:SR:DR:LR:LO","1/1:18:16:4.8:52.8,4.8,0:7:12:-52.81:52.81","DEL"
"167","chr20",26280034,"343098990:1","T","T[chr20:26281142[",22,"PASS","DISC_MAPQ=44;EVDNC=DSCRD;IMPRECISE;MAPQ=44;MATEID=343098990:2;MATENM=-1;NM=-1;NUMPARTS=0;SCTG=chr20:26280034(+)-chr20:26281142(-)__20_26264001_26289001D;SPAN=1108;SVTYPE=BND","GT:AD:DP:GQ:PL:SR:DR:LR:LO","0/1:8:14:12.5:22.4,0,12.5:0:8:-22.62:22.62","DEL"
"168","chr20",26281142,"343098990:2","T","]chr20:26280034]T",22,"PASS","DISC_MAPQ=52;EVDNC=DSCRD;IMPRECISE;MAPQ=52;MATEID=343098990:1;MATENM=-1;NM=-1;NUMPARTS=0;SCTG=chr20:26280034(+)-chr20:26281142(-)__20_26264001_26289001D;SPAN=1108;SVTYPE=BND","GT:AD:DP:GQ:PL:SR:DR:LR:LO","0/1:8:14:12.5:22.4,0,12.5:0:8:-22.62:22.62","DEL"
"169","chr20",26317015,"447218887:1","T","T[chr20:26322075[",52,"PASS","DISC_MAPQ=49;EVDNC=ASDIS;HOMSEQ=GAGCAGTTTTGAAACACTCTTTTTGTTGGATCTGCAAGTCGACATTTGGAGCGCTTTGAGGCCT;MAPQ=60;MATEID=447218887:2;MATENM=2;NM=3;NUMPARTS=2;SCTG=c_20_26313001_26338001_8C;SPAN=5060;SVTYPE=BND","GT:AD:DP:GQ:PL:SR:DR:LR:LO","1/1:18:3:4.8:52.8,4.8,0:1:18:-52.81:52.81","DEL"
"170","chr20",26322075,"447218887:2","G","]chr20:26317015]G",52,"PASS","DISC_MAPQ=57;EVDNC=ASDIS;HOMSEQ=GAGCAGTTTTGAAACACTCTTTTTGTTGGATCTGCAAGTCGACATTTGGAGCGCTTTGAGGCCT;MAPQ=60;MATEID=447218887:1;MATENM=3;NM=2;NUMPARTS=2;SCTG=c_20_26313001_26338001_8C;SPAN=5060;SVTYPE=BND","GT:AD:DP:GQ:PL:SR:DR:LR:LO","1/1:18:3:4.8:52.8,4.8,0:1:18:-52.81:52.81","DEL"
"171","chr20",26477387,"793440648:1","T","T[chr20:26570722[",33,"PASS","DISC_MAPQ=18;EVDNC=DSCRD;IMPRECISE;MAPQ=18;MATEID=793440648:2;MATENM=-1;NM=-1;NUMPARTS=0;SCTG=chr20:26477387(+)-chr20:26570722(-)__20_26558001_26583001D;SPAN=93335;SVTYPE=BND","GT:AD:DP:GQ:PL:SR:DR:LR:LO","1/1:11:4:3:33,3,0:0:11:-33.01:33.01","DEL"
"172","chr20",26570722,"793440648:2","T","]chr20:26477387]T",33,"PASS","DISC_MAPQ=22;EVDNC=DSCRD;IMPRECISE;MAPQ=22;MATEID=793440648:1;MATENM=-1;NM=-1;NUMPARTS=0;SCTG=chr20:26477387(+)-chr20:26570722(-)__20_26558001_26583001D;SPAN=93335;SVTYPE=BND","GT:AD:DP:GQ:PL:SR:DR:LR:LO","1/1:11:4:3:33,3,0:0:11:-33.01:33.01","DEL"
"173","chr20",26608399,"965563732:1","C","C[chr20:26631424[",59,"PASS","DISC_MAPQ=47;EVDNC=DSCRD;IMPRECISE;MAPQ=47;MATEID=965563732:2;MATENM=-1;NM=-1;NUMPARTS=0;SCTG=chr20:26608399(+)-chr20:26631424(-)__20_26607001_26632001D;SPAN=23025;SVTYPE=BND","GT:AD:DP:GQ:PL:SR:DR:LR:LO","1/1:19:22:2.7:59.4,2.7,0:0:19:-60.34:60.34","DEL"
"174","chr20",26631424,"965563732:2","C","]chr20:26608399]C",59,"PASS","DISC_MAPQ=56;EVDNC=DSCRD;IMPRECISE;MAPQ=56;MATEID=965563732:1;MATENM=-1;NM=-1;NUMPARTS=0;SCTG=chr20:26608399(+)-chr20:26631424(-)__20_26607001_26632001D;SPAN=23025;SVTYPE=BND","GT:AD:DP:GQ:PL:SR:DR:LR:LO","1/1:19:22:2.7:59.4,2.7,0:0:19:-60.34:60.34","DEL"
"175","chr20",26634414,"985737503:1","A","A]chr20:26634801]",19,"PASS","DISC_MAPQ=25;EVDNC=DSCRD;IMPRECISE;MAPQ=25;MATEID=985737503:2;MATENM=-1;NM=-1;NUMPARTS=0;SCTG=chr20:26634414(+)-chr20:26634801(+)__20_26631501_26656501D;SPAN=387;SVTYPE=BND","GT:AD:DP:GQ:PL:SR:DR:LR:LO","0/1:8:26:19.1:19.1,0,45.5:0:8:-19.1:19.73","INV"
"176","chr20",26634801,"985737503:2","N","N]chr20:26634414]",19,"PASS","DISC_MAPQ=59;EVDNC=DSCRD;IMPRECISE;MAPQ=59;MATEID=985737503:1;MATENM=-1;NM=-1;NUMPARTS=0;SCTG=chr20:26634414(+)-chr20:26634801(+)__20_26631501_26656501D;SPAN=387;SVTYPE=BND","GT:AD:DP:GQ:PL:SR:DR:LR:LO","0/1:8:26:19.1:19.1,0,45.5:0:8:-19.1:19.73","INV"
"177","chr20",28564744,"936095834:1","A","[chr20:29118853[A",17,"PASS","DISC_MAPQ=18;EVDNC=DSCRD;IMPRECISE;MAPQ=18;MATEID=936095834:2;MATENM=-1;NM=-1;NUMPARTS=0;SCTG=chr20:28564744(-)-chr20:29118853(-)__20_28542501_28567501D;SPAN=554109;SVTYPE=BND","GT:AD:DP:GQ:PL:SR:DR:LR:LO","0/1:11:66:17.9:17.9,0,146.6:0:11:-17.76:23.76","INV"
"178","chr20",28811341,"652334009:1","G","]chr20:28811701]G",14,"PASS","DISC_MAPQ=45;EVDNC=ASDIS;HOMSEQ=GTCCACTTGCAGATTCTAC;MAPQ=60;MATEID=652334009:2;MATENM=1;NM=2;NUMPARTS=2;SCTG=c_20_28787501_28812501_11C;SPAN=360;SUBN=1;SVTYPE=BND","GT:AD:DP:GQ:PL:SR:DR:LR:LO","0/1:9:56:14:14,0,126.2:7:4:-13.97:19.29","DUP/INS"
"179","chr20",28811701,"652334009:2","C","C[chr20:28811341[",14,"PASS","DISC_MAPQ=60;EVDNC=ASDIS;HOMSEQ=GTCCACTTGCAGATTCTAC;MAPQ=21;MATEID=652334009:1;MATENM=2;NM=1;NUMPARTS=2;SCTG=c_20_28787501_28812501_11C;SPAN=360;SVTYPE=BND","GT:AD:DP:GQ:PL:SR:DR:LR:LO","0/1:9:56:14:14,0,126.2:7:4:-13.97:19.29","DUP/INS"
"180","chr20",28815225,"156406723:1","C","C[chr20:28824450[",8,"PASS","DISC_MAPQ=45;EVDNC=ASDIS;HOMSEQ=TATGTGAAGATATTTCC;MAPQ=60;MATEID=156406723:2;MATENM=5;NM=3;NUMPARTS=2;SCTG=c_20_28812001_28837001_135C;SPAN=9225;SVTYPE=BND","GT:AD:DP:GQ:PL:SR:DR:LR:LO","0/1:18:182:8.5:8.5,0,447.5:13:6:-8.259:34.51","DEL"
"181","chr20",28824450,"156406723:2","T","]chr20:28815225]T",8,"PASS","DISC_MAPQ=52;EVDNC=ASDIS;HOMSEQ=TATGTGAAGATATTTCC;MAPQ=60;MATEID=156406723:1;MATENM=3;NM=5;NUMPARTS=2;SCTG=c_20_28812001_28837001_135C;SPAN=9225;SVTYPE=BND","GT:AD:DP:GQ:PL:SR:DR:LR:LO","0/1:18:182:8.5:8.5,0,447.5:13:6:-8.259:34.51","DEL"
"182","chr20",28840894,"802082463:1","G","]chr20:29152583]G",56,"PASS","DISC_MAPQ=5;EVDNC=ASDIS;HOMSEQ=GTGGAGAAGGAAATATCTTCACATAAAAACTATGCAGAAGCATTCTGAGAAAC;MAPQ=36;MATEID=802082463:2;MATENM=0;NM=1;NUMPARTS=2;SCTG=c_20_28836501_28861501_81C;SPAN=311689;SVTYPE=BND","GT:AD:DP:GQ:PL:SR:DR:LR:LO","1/1:19:17:5.1:56.1,5.1,0:8:13:-56.11:56.11","DUP/INS"
"183","chr20",28925879,"393836376:1","C","]chr20:28926593]C",48,"PASS","DISC_MAPQ=39;EVDNC=ASDIS;HOMSEQ=CTAGTTTTTATGTGAAGATATTTC;MAPQ=60;MATEID=393836376:2;MATENM=9;NM=5;NUMPARTS=2;SCTG=c_20_28910001_28935001_51C;SPAN=714;SVTYPE=BND","GT:AD:DP:GQ:PL:SR:DR:LR:LO","0/1:17:28:21.8:48.2,0,21.8:12:9:-48.77:48.77","DUP/INS"
"184","chr20",28926593,"393836376:2","C","C[chr20:28925879[",48,"PASS","DISC_MAPQ=9;EVDNC=ASDIS;HOMSEQ=CTAGTTTTTATGTGAAGATATTTC;MAPQ=13;MATEID=393836376:1;MATENM=5;NM=9;NUMPARTS=2;SCTG=c_20_28910001_28935001_51C;SPAN=714;SVTYPE=BND","GT:AD:DP:GQ:PL:SR:DR:LR:LO","0/1:17:28:21.8:48.2,0,21.8:12:9:-48.77:48.77","DUP/INS"
"185","chr20",29064208,"964259400:1","C","C]chr20:29513514]",25,"PASS","DISC_MAPQ=24;EVDNC=DSCRD;IMPRECISE;MAPQ=24;MATEID=964259400:2;MATENM=-1;NM=-1;NUMPARTS=0;SCTG=chr20:29064208(+)-chr20:29513514(+)__20_29057001_29082001D;SPAN=449306;SVTYPE=BND","GT:AD:DP:GQ:PL:SR:DR:LR:LO","0/1:9:16:12.2:25.4,0,12.2:0:9:-25.35:25.35","INV"
"186","chr20",29118853,"936095834:2","C","[chr20:28564744[C",17,"PASS","DISC_MAPQ=33;EVDNC=DSCRD;IMPRECISE;MAPQ=33;MATEID=936095834:1;MATENM=-1;NM=-1;NUMPARTS=0;SCTG=chr20:28564744(-)-chr20:29118853(-)__20_28542501_28567501D;SPAN=554109;SVTYPE=BND","GT:AD:DP:GQ:PL:SR:DR:LR:LO","0/1:11:66:17.9:17.9,0,146.6:0:11:-17.76:23.76","INV"
"187","chr20",29125643,"662779250:1","A","A[chr20:30424454[",44,"PASS","DISC_MAPQ=20;EVDNC=DSCRD;IMPRECISE;MAPQ=20;MATEID=662779250:2;MATENM=-1;NM=-1;NUMPARTS=0;SCTG=chr20:29125643(+)-chr20:30424454(-)__20_30404501_30429501D;SPAN=1298811;SVTYPE=BND","GT:AD:DP:GQ:PL:SR:DR:LR:LO","0/1:16:29:28.1:44.6,0,28.1:0:16:-44.86:44.86","DEL"
"188","chr20",29152235,"72470646:1","G","]chr20:29197177]G",23,"PASS","DISC_MAPQ=44;EVDNC=DSCRD;IMPRECISE;MAPQ=44;MATEID=72470646:2;MATENM=-1;NM=-1;NUMPARTS=0;SCTG=chr20:29152235(-)-chr20:29197177(+)__20_29130501_29155501D;SPAN=44942;SVTYPE=BND","GT:AD:DP:GQ:PL:SR:DR:LR:LO","0/1:8:11:3.5:23.3,0,3.5:0:8:-24.05:24.05","DUP/INS"
"189","chr20",29152583,"802082463:2","C","C[chr20:28840894[",56,"PASS","DISC_MAPQ=55;EVDNC=ASDIS;HOMSEQ=GTGGAGAAGGAAATATCTTCACATAAAAACTATGCAGAAGCATTCTGAGAAAC;MAPQ=60;MATEID=802082463:1;MATENM=1;NM=0;NUMPARTS=2;SCTG=c_20_28836501_28861501_81C;SPAN=311689;SVTYPE=BND","GT:AD:DP:GQ:PL:SR:DR:LR:LO","1/1:19:17:5.1:56.1,5.1,0:8:13:-56.11:56.11","DUP/INS"
"190","chr20",29197177,"72470646:2","A","A[chr20:29152235[",23,"PASS","DISC_MAPQ=26;EVDNC=DSCRD;IMPRECISE;MAPQ=26;MATEID=72470646:1;MATENM=-1;NM=-1;NUMPARTS=0;SCTG=chr20:29152235(-)-chr20:29197177(+)__20_29130501_29155501D;SPAN=44942;SVTYPE=BND","GT:AD:DP:GQ:PL:SR:DR:LR:LO","0/1:8:11:3.5:23.3,0,3.5:0:8:-24.05:24.05","DUP/INS"
"191","chr20",29204768,"248530128:1","N","[chr20:29888901[N",75,"PASS","DISC_MAPQ=37;EVDNC=DSCRD;IMPRECISE;MAPQ=37;MATEID=248530128:2;MATENM=-1;NM=-1;NUMPARTS=0;SCTG=chr20:29204768(-)-chr20:29888901(-)__20_29204001_29229001D;SPAN=684133;SVTYPE=BND","GT:AD:DP:GQ:PL:SR:DR:LR:LO","1/1:25:14:6.9:75.9,6.9,0:0:25:-75.92:75.92","INV"
"192","chr20",29258241,"683930670:1","C","C]chr20:29888653]",46,"PASS","DISC_MAPQ=23;EVDNC=ASDIS;HOMSEQ=TGGAAAAGGAAATATCTTCAC;MAPQ=60;MATEID=683930670:2;MATENM=10;NM=9;NUMPARTS=3;SCTG=c_20_29253001_29278001_83C;SPAN=630412;SVTYPE=BND","GT:AD:DP:GQ:PL:SR:DR:LR:LO","1/1:15:15:4.2:46.2,4.2,0:9:8:-46.21:46.21","INV"
"193","chr20",29315112,"853494792:1","G","[chr20:29538783[G",33,"PASS","DISC_MAPQ=43;EVDNC=DSCRD;IMPRECISE;MAPQ=43;MATEID=853494792:2;MATENM=-1;NM=-1;NUMPARTS=0;SCTG=chr20:29315112(-)-chr20:29538783(-)__20_29302001_29327001D;SPAN=223671;SVTYPE=BND","GT:AD:DP:GQ:PL:SR:DR:LR:LO","1/1:11:5:3:33,3,0:0:11:-33.01:33.01","INV"
"194","chr20",29343226,"905021277:1","G","[chr20:30591516[G",26,"PASS","DISC_MAPQ=255;EVDNC=ASDIS;HOMSEQ=CCCCACCCCATAACAGTCCCC;MAPQ=60;MATEID=905021277:2;MATENM=0;NM=1;NUMPARTS=2;SCTG=c_20_30576001_30601001_20C;SPAN=1248290;SVTYPE=BND","GT:AD:DP:GQ:PL:SR:DR:LR:LO","1/1:9:7:2.4:26.4,2.4,0:6:3:-26.41:26.41","INV"
"195","chr20",29513514,"964259400:2","C","C]chr20:29064208]",25,"PASS","DISC_MAPQ=23;EVDNC=DSCRD;IMPRECISE;MAPQ=23;MATEID=964259400:1;MATENM=-1;NM=-1;NUMPARTS=0;SCTG=chr20:29064208(+)-chr20:29513514(+)__20_29057001_29082001D;SPAN=449306;SVTYPE=BND","GT:AD:DP:GQ:PL:SR:DR:LR:LO","0/1:9:16:12.2:25.4,0,12.2:0:9:-25.35:25.35","INV"
"196","chr20",29538783,"853494792:2","N","[chr20:29315112[N",33,"PASS","DISC_MAPQ=46;EVDNC=DSCRD;IMPRECISE;MAPQ=46;MATEID=853494792:1;MATENM=-1;NM=-1;NUMPARTS=0;SCTG=chr20:29315112(-)-chr20:29538783(-)__20_29302001_29327001D;SPAN=223671;SVTYPE=BND","GT:AD:DP:GQ:PL:SR:DR:LR:LO","1/1:11:5:3:33,3,0:0:11:-33.01:33.01","INV"
"197","chr20",29651855,"340211029:2","G","[chr20:25908743[G",20,"PASS","DISC_MAPQ=20;EVDNC=DSCRD;IMPRECISE;MAPQ=20;MATEID=340211029:1;MATENM=-1;NM=-1;NUMPARTS=0;SCTG=chr20:25908743(-)-chr20:29651855(-)__20_25896501_25921501D;SPAN=3743112;SVTYPE=BND","GT:AD:DP:GQ:PL:SR:DR:LR:LO","0/1:8:20:20.9:20.9,0,27.5:0:8:-20.79:20.87","INV"
"198","chr20",29700029,"639721387:1","A","A[chr20:29703091[",24,"PASS","DISC_MAPQ=54;EVDNC=ASDIS;HOMSEQ=CTCTATGAAAA;MAPQ=60;MATEID=639721387:2;MATENM=0;NM=1;NUMPARTS=2;SCTG=c_20_29694001_29719001_9C;SPAN=3062;SVTYPE=BND","GT:AD:DP:GQ:PL:SR:DR:LR:LO","0/1:9:19:21.2:24.5,0,21.2:2:9:-24.37:24.37","DEL"
"199","chr20",29703091,"639721387:2","C","]chr20:29700029]C",24,"PASS","DISC_MAPQ=41;EVDNC=ASDIS;HOMSEQ=CTCTATGAAAA;MAPQ=60;MATEID=639721387:1;MATENM=1;NM=0;NUMPARTS=2;SCTG=c_20_29694001_29719001_9C;SPAN=3062;SVTYPE=BND","GT:AD:DP:GQ:PL:SR:DR:LR:LO","0/1:9:19:21.2:24.5,0,21.2:2:9:-24.37:24.37","DEL"
"200","chr20",29711978,"429684108:1","A","]chr20:29713902]A",8,"PASS","DISC_MAPQ=60;EVDNC=ASDIS;HOMSEQ=AAAGAAGTTTCTGAGAAAGCTTCTGTCTAGTTTTTATGTGAAGATATT;MAPQ=60;MATEID=429684108:2;MATENM=5;NM=0;NUMPARTS=2;SCTG=c_20_29694001_29719001_63C;SPAN=1924;SVTYPE=BND","GT:AD:DP:GQ:PL:SR:DR:LR:LO","0/1:5:30:8:8,0,67.4:5:2:-8.072:10.8","DUP/INS"
"201","chr20",29713902,"429684108:2","T","T[chr20:29711978[",8,"PASS","DISC_MAPQ=60;EVDNC=ASDIS;HOMSEQ=AAAGAAGTTTCTGAGAAAGCTTCTGTCTAGTTTTTATGTGAAGATATT;MAPQ=60;MATEID=429684108:1;MATENM=0;NM=5;NUMPARTS=2;SCTG=c_20_29694001_29719001_63C;SPAN=1924;SVTYPE=BND","GT:AD:DP:GQ:PL:SR:DR:LR:LO","0/1:5:30:8:8,0,67.4:5:2:-8.072:10.8","DUP/INS"
"202","chr20",29875911,"1007446005:1","C","C]chr20:30814543]",92,"PASS","DISC_MAPQ=16;EVDNC=DSCRD;IMPRECISE;MAPQ=0;MATEID=1007446005:2;MATENM=16;NM=12;NUMPARTS=2;REPSEQ=CCCC;SCTG=c_20_30796501_30821501_32C;SECONDARY;SPAN=938632;SUBN=7;SVTYPE=BND","GT:AD:DP:GQ:PL:SR:DR:LR:LO","0/1:32:47:23.3:92.6,0,23.3:6:26:-94.5:94.5","INV"
"203","chr20",29888653,"683930670:2","A","A]chr20:29258241]",46,"PASS","DISC_MAPQ=57;EVDNC=ASDIS;HOMSEQ=TGGAAAAGGAAATATCTTCAC;MAPQ=60;MATEID=683930670:1;MATENM=9;NM=10;NUMPARTS=3;SCTG=c_20_29253001_29278001_83C;SPAN=630412;SVTYPE=BND","GT:AD:DP:GQ:PL:SR:DR:LR:LO","1/1:15:15:4.2:46.2,4.2,0:9:8:-46.21:46.21","INV"
"204","chr20",29888901,"248530128:2","A","[chr20:29204768[A",75,"PASS","DISC_MAPQ=50;EVDNC=DSCRD;IMPRECISE;MAPQ=50;MATEID=248530128:1;MATENM=-1;NM=-1;NUMPARTS=0;SCTG=chr20:29204768(-)-chr20:29888901(-)__20_29204001_29229001D;SPAN=684133;SVTYPE=BND","GT:AD:DP:GQ:PL:SR:DR:LR:LO","1/1:25:14:6.9:75.9,6.9,0:0:25:-75.92:75.92","INV"
"205","chr20",29893511,"919274518:1","C","C[chr20:29893971[",99,"PASS","DISC_MAPQ=52;EVDNC=ASDIS;HOMSEQ=AGAAAAGGAAATATGTTCACATAACTAGACAGAAGCATTCTGACAACCTTC;MAPQ=55;MATEID=919274518:2;MATENM=6;NM=6;NUMPARTS=2;SCTG=c_20_29890001_29915001_60C;SPAN=460;SUBN=2;SVTYPE=BND","GT:AD:DP:GQ:PL:SR:DR:LR:LO","1/1:45:49:13.5:148.5,13.5,0:26:23:-146.9:146.9","DEL"
"206","chr20",29893971,"919274518:2","A","]chr20:29893511]A",99,"PASS","DISC_MAPQ=43;EVDNC=ASDIS;HOMSEQ=AGAAAAGGAAATATGTTCACATAACTAGACAGAAGCATTCTGACAACCTTC;MAPQ=11;MATEID=919274518:1;MATENM=6;NM=6;NUMPARTS=2;SCTG=c_20_29890001_29915001_60C;SPAN=460;SVTYPE=BND","GT:AD:DP:GQ:PL:SR:DR:LR:LO","1/1:45:49:13.5:148.5,13.5,0:26:23:-146.9:146.9","DEL"
"207","chr20",29983825,"932112604:1","A","A[chr20:30140273[",99,"PASS","DISC_MAPQ=51;EVDNC=ASDIS;HOMSEQ=AAAGGAAATATCTTCACATAAAAACTAGACAGA;MAPQ=54;MATEID=932112604:2;MATENM=4;NM=1;NUMPARTS=2;SCTG=c_20_30135001_30160001_50C;SPAN=156448;SVTYPE=BND","GT:AD:DP:GQ:PL:SR:DR:LR:LO","1/1:44:20:12.3:135.3,12.3,0:39:7:-135.3:135.3","DEL"
"208","chr20",30140273,"932112604:2","A","]chr20:29983825]A",99,"PASS","DISC_MAPQ=27;EVDNC=ASDIS;HOMSEQ=AAAGGAAATATCTTCACATAAAAACTAGACAGA;MAPQ=45;MATEID=932112604:1;MATENM=1;NM=4;NUMPARTS=2;SCTG=c_20_30135001_30160001_50C;SPAN=156448;SVTYPE=BND","GT:AD:DP:GQ:PL:SR:DR:LR:LO","1/1:44:20:12.3:135.3,12.3,0:39:7:-135.3:135.3","DEL"
"209","chr20",30424454,"662779250:2","T","]chr20:29125643]T",44,"PASS","DISC_MAPQ=29;EVDNC=DSCRD;IMPRECISE;MAPQ=29;MATEID=662779250:1;MATENM=-1;NM=-1;NUMPARTS=0;SCTG=chr20:29125643(+)-chr20:30424454(-)__20_30404501_30429501D;SPAN=1298811;SVTYPE=BND","GT:AD:DP:GQ:PL:SR:DR:LR:LO","0/1:16:29:28.1:44.6,0,28.1:0:16:-44.86:44.86","DEL"
"210","chr20",30591516,"905021277:2","C","[chr20:29343226[C",26,"PASS","DISC_MAPQ=4;EVDNC=ASDIS;HOMSEQ=CCCCACCCCATAACAGTCCCC;MAPQ=50;MATEID=905021277:1;MATENM=1;NM=0;NUMPARTS=2;SCTG=c_20_30576001_30601001_20C;SPAN=1248290;SVTYPE=BND","GT:AD:DP:GQ:PL:SR:DR:LR:LO","1/1:9:7:2.4:26.4,2.4,0:6:3:-26.41:26.41","INV"
"211","chr20",30594240,"927828529:1","G","]chrUn_JTFH01000605v1_decoy:968]G",33,"PASS","EVDNC=ASSMB;HOMSEQ=GC;MAPQ=60;MATEID=927828529:2;MATENM=1;NM=0;NUMPARTS=2;SCTG=c_1448_1_1389_0C;SPAN=-1;SVTYPE=BND","GT:AD:DP:GQ:PL:SR:DR:LR:LO","1/1:11:3:3:33,3,0:11:0:-33.01:33.01","DUP/INS"
"212","chr20",30814543,"1007446005:2","A","A]chr20:29875911]",92,"PASS","DISC_MAPQ=25;EVDNC=DSCRD;IMPRECISE;MAPQ=24;MATEID=1007446005:1;MATENM=12;NM=16;NUMPARTS=2;REPSEQ=CCCC;SCTG=c_20_30796501_30821501_32C;SECONDARY;SPAN=938632;SVTYPE=BND","GT:AD:DP:GQ:PL:SR:DR:LR:LO","0/1:32:47:23.3:92.6,0,23.3:6:26:-94.5:94.5","INV"
"213","chr20",30926139,"158301672:2","T","[chr19:27365941[T",14,"PASS","DISC_MAPQ=9;EVDNC=ASDIS;HOMSEQ=TTTGGAAACAGTCTTTCTGTAGAATATGCA;MAPQ=21;MATEID=158301672:1;MATENM=1;NM=5;NUMPARTS=2;SCTG=c_20_30919001_30944001_24C;SPAN=-1;SVTYPE=BND","GT:AD:DP:GQ:PL:SR:DR:LR:LO","0/1:9:54:14.6:14.6,0,120.2:9:4:-14.53:19.44","INV"
"214","chr20",31161625,"884713483:1","N","]chr20:31162576]N",52,"PASS","DISC_MAPQ=47;EVDNC=DSCRD;IMPRECISE;MAPQ=47;MATEID=884713483:2;MATENM=-1;NM=-1;NUMPARTS=0;SCTG=chr20:31161625(-)-chr20:31162576(+)__20_31139501_31164501D;SPAN=951;SVTYPE=BND","GT:AD:DP:GQ:PL:SR:DR:LR:LO","0/1:19:37:39.2:52.4,0,39.2:0:19:-52.39:52.39","DUP/INS"
"215","chr20",31162576,"884713483:2","T","T[chr20:31161625[",52,"PASS","DISC_MAPQ=27;EVDNC=DSCRD;IMPRECISE;MAPQ=27;MATEID=884713483:1;MATENM=-1;NM=-1;NUMPARTS=0;SCTG=chr20:31161625(-)-chr20:31162576(+)__20_31139501_31164501D;SPAN=951;SVTYPE=BND","GT:AD:DP:GQ:PL:SR:DR:LR:LO","0/1:19:37:39.2:52.4,0,39.2:0:19:-52.39:52.39","DUP/INS"
"216","chr20",31244563,"368371643:1","A","]chr20:31244635]A",3,"PASS","EVDNC=ASSMB;HOMSEQ=AAT;MAPQ=60;MATEID=368371643:2;MATENM=0;NM=0;NUMPARTS=2;SCTG=c_20_31237501_31262501_4C;SPAN=72;SVTYPE=BND","GT:AD:DP:GQ:PL:SR:DR:LR:LO","0/1:5:47:3.5:3.5,0,112.4:5:0:-3.294:9.753","DUP/INS"
"217","chr20",31244635,"368371643:2","T","T[chr20:31244563[",3,"PASS","EVDNC=ASSMB;HOMSEQ=AAT;MAPQ=60;MATEID=368371643:1;MATENM=0;NM=0;NUMPARTS=2;SCTG=c_20_31237501_31262501_4C;SPAN=72;SVTYPE=BND","GT:AD:DP:GQ:PL:SR:DR:LR:LO","0/1:5:47:3.5:3.5,0,112.4:5:0:-3.294:9.753","DUP/INS"
"218","chr20",32723074,"724486982:1","G","G[chr20:32724972[",21,"PASS","EVDNC=ASSMB;HOMSEQ=AAAGACTTGTG;MAPQ=59;MATEID=724486982:2;MATENM=1;NM=8;NUMPARTS=2;SCTG=c_20_32707501_32732501_21C;SPAN=1898;SVTYPE=BND","GT:AD:DP:GQ:PL:SR:DR:LR:LO","0/1:8:18:21.5:21.5,0,21.5:8:0:-21.35:21.36","DEL"
"219","chr20",32724972,"724486982:2","A","]chr20:32723074]A",21,"PASS","EVDNC=ASSMB;HOMSEQ=AAAGACTTGTG;MAPQ=60;MATEID=724486982:1;MATENM=8;NM=1;NUMPARTS=2;SCTG=c_20_32707501_32732501_21C;SPAN=1898;SVTYPE=BND","GT:AD:DP:GQ:PL:SR:DR:LR:LO","0/1:8:18:21.5:21.5,0,21.5:8:0:-21.35:21.36","DEL"
"220","chr20",32937680,"447826289:1","G","G[chr20:32941584[",42,"PASS","DISC_MAPQ=60;EVDNC=ASDIS;INSERTION=GTGGAGTAC;MAPQ=60;MATEID=447826289:2;MATENM=0;NM=1;NUMPARTS=2;SCTG=c_20_32928001_32953001_7C;SPAN=3904;SVTYPE=BND","GT:AD:DP:GQ:PL:SR:DR:LR:LO","1/1:14:13:3.9:42.9,3.9,0:9:9:-42.91:42.91","DEL"
"221","chr20",32941584,"447826289:2","A","]chr20:32937680]A",42,"PASS","DISC_MAPQ=60;EVDNC=ASDIS;INSERTION=GTGGAGTAC;MAPQ=60;MATEID=447826289:1;MATENM=1;NM=0;NUMPARTS=2;SCTG=c_20_32928001_32953001_7C;SPAN=3904;SVTYPE=BND","GT:AD:DP:GQ:PL:SR:DR:LR:LO","1/1:14:13:3.9:42.9,3.9,0:9:9:-42.91:42.91","DEL"
"222","chr20",34228132,"777186729:1","C","C[chr20:34231420[",42,"PASS","EVDNC=ASSMB;HOMSEQ=TAGAACTTTC;MAPQ=60;MATEID=777186729:2;MATENM=0;NM=0;NUMPARTS=2;SCTG=c_20_34226501_34251501_0C;SPAN=3288;SVTYPE=BND","GT:AD:DP:GQ:PL:SR:DR:LR:LO","0/1:17:48:42.8:42.8,0,75.8:17:0:-42.62:43.2","DEL"
"223","chr20",34231420,"777186729:2","T","]chr20:34228132]T",42,"PASS","EVDNC=ASSMB;HOMSEQ=TAGAACTTTC;MAPQ=60;MATEID=777186729:1;MATENM=0;NM=0;NUMPARTS=2;SCTG=c_20_34226501_34251501_0C;SPAN=3288;SVTYPE=BND","GT:AD:DP:GQ:PL:SR:DR:LR:LO","0/1:17:48:42.8:42.8,0,75.8:17:0:-42.62:43.2","DEL"
"224","chr20",34528026,"314816521:1","T","T[chr20:34528340[",23,"PASS","EVDNC=ASSMB;HOMSEQ=AAAAACTACCCTACTGGAGT;MAPQ=60;MATEID=314816521:2;MATENM=0;NM=0;NUMPARTS=2;SCTG=c_20_34520501_34545501_2C;SPAN=314;SVTYPE=BND","GT:AD:DP:GQ:PL:SR:DR:LR:LO","1/1:8:7:2.1:23.1,2.1,0:8:0:-23.11:23.11","DEL"
"225","chr20",34528340,"314816521:2","A","]chr20:34528026]A",23,"PASS","EVDNC=ASSMB;HOMSEQ=AAAAACTACCCTACTGGAGT;MAPQ=60;MATEID=314816521:1;MATENM=0;NM=0;NUMPARTS=2;SCTG=c_20_34520501_34545501_2C;SPAN=314;SVTYPE=BND","GT:AD:DP:GQ:PL:SR:DR:LR:LO","1/1:8:7:2.1:23.1,2.1,0:8:0:-23.11:23.11","DEL"
"226","chr20",35033863,"959473052:1","A","A[chr20:35034175[",59,"PASS","DISC_MAPQ=60;EVDNC=ASDIS;HOMSEQ=AAAAGAGTAAA;MAPQ=60;MATEID=959473052:2;MATENM=0;NM=1;NUMPARTS=2;SCTG=c_20_35010501_35035501_18C;SPAN=312;SVTYPE=BND","GT:AD:DP:GQ:PL:SR:DR:LR:LO","1/1:20:19:5.4:59.4,5.4,0:15:6:-59.41:59.41","DEL"
"227","chr20",35034175,"959473052:2","A","]chr20:35033863]A",59,"PASS","DISC_MAPQ=60;EVDNC=ASDIS;HOMSEQ=AAAAGAGTAAA;MAPQ=60;MATEID=959473052:1;MATENM=1;NM=0;NUMPARTS=2;SCTG=c_20_35010501_35035501_18C;SPAN=312;SVTYPE=BND","GT:AD:DP:GQ:PL:SR:DR:LR:LO","1/1:20:19:5.4:59.4,5.4,0:15:6:-59.41:59.41","DEL"
"228","chr20",37187220,"377809970:1","T","T[chr20:37187519[",46,"PASS","EVDNC=ASSMB;HOMSEQ=AAGATCAATCATTT;MAPQ=60;MATEID=377809970:2;MATENM=0;NM=0;NUMPARTS=2;SCTG=c_20_37166501_37191501_4C;SPAN=299;SVTYPE=BND","GT:AD:DP:GQ:PL:SR:DR:LR:LO","1/1:16:9:4.2:46.2,4.2,0:16:0:-46.21:46.21","DEL"
"229","chr20",37187519,"377809970:2","A","]chr20:37187220]A",46,"PASS","EVDNC=ASSMB;HOMSEQ=AAGATCAATCATTT;MAPQ=60;MATEID=377809970:1;MATENM=0;NM=0;NUMPARTS=2;SCTG=c_20_37166501_37191501_4C;SPAN=299;SVTYPE=BND","GT:AD:DP:GQ:PL:SR:DR:LR:LO","1/1:16:9:4.2:46.2,4.2,0:16:0:-46.21:46.21","DEL"
"230","chr20",38426469,"102913455:1","C","C[chr20:38427168[",20,"PASS","EVDNC=ASSMB;HOMSEQ=CC;MAPQ=60;MATEID=102913455:2;MATENM=1;NM=0;NUMPARTS=2;SCTG=c_20_38416001_38441001_3C;SPAN=699;SVTYPE=BND","GT:AD:DP:GQ:PL:SR:DR:LR:LO","0/1:8:21:20.6:20.6,0,30.5:8:0:-20.51:20.65","DEL"
"231","chr20",38427168,"102913455:2","C","]chr20:38426469]C",20,"PASS","EVDNC=ASSMB;HOMSEQ=CC;MAPQ=60;MATEID=102913455:1;MATENM=0;NM=1;NUMPARTS=2;SCTG=c_20_38416001_38441001_3C;SPAN=699;SVTYPE=BND","GT:AD:DP:GQ:PL:SR:DR:LR:LO","0/1:8:21:20.6:20.6,0,30.5:8:0:-20.51:20.65","DEL"
"232","chr20",43395972,"947145545:1","T","T[chr20:43397153[",49,"PASS","EVDNC=ASSMB;HOMSEQ=TGGTAAAACCCCATTTCT;MAPQ=60;MATEID=947145545:2;MATENM=2;NM=0;NUMPARTS=2;SCTG=c_20_43389501_43414501_30C;SPAN=1181;SVTYPE=BND","GT:AD:DP:GQ:PL:SR:DR:LR:LO","1/1:17:11:4.5:49.5,4.5,0:17:0:-49.51:49.51","DEL"
"233","chr20",43397153,"947145545:2","T","]chr20:43395972]T",49,"PASS","EVDNC=ASSMB;HOMSEQ=TGGTAAAACCCCATTTCT;MAPQ=60;MATEID=947145545:1;MATENM=0;NM=2;NUMPARTS=2;SCTG=c_20_43389501_43414501_30C;SPAN=1181;SVTYPE=BND","GT:AD:DP:GQ:PL:SR:DR:LR:LO","1/1:17:11:4.5:49.5,4.5,0:17:0:-49.51:49.51","DEL"
"234","chr20",43696487,"561587625:1","C","]chr20:43697013]C",34,"PASS","EVDNC=ASSMB;HOMSEQ=CTGGGATTACAGGCGTGAGCCAC;MAPQ=60;MATEID=561587625:2;MATENM=0;NM=2;NUMPARTS=2;SCTG=c_20_43683501_43708501_14C;SPAN=526;SVTYPE=BND","GT:AD:DP:GQ:PL:SR:DR:LR:LO","0/1:14:41:34.7:34.7,0,67.7:14:0:-34.69:35.3","DUP/INS"
"235","chr20",43697013,"561587625:2","C","C[chr20:43696487[",34,"PASS","EVDNC=ASSMB;HOMSEQ=CTGGGATTACAGGCGTGAGCCAC;MAPQ=60;MATEID=561587625:1;MATENM=2;NM=0;NUMPARTS=2;SCTG=c_20_43683501_43708501_14C;SPAN=526;SVTYPE=BND","GT:AD:DP:GQ:PL:SR:DR:LR:LO","0/1:14:41:34.7:34.7,0,67.7:14:0:-34.69:35.3","DUP/INS"
"236","chr20",51875592,"79442008:1","C","C[chr20:51875933[",27,"PASS","EVDNC=ASSMB;HOMSEQ=GATTACAGGCATGAGCCAC;MAPQ=60;MATEID=79442008:2;MATENM=1;NM=0;NUMPARTS=2;SCTG=c_20_51866501_51891501_13C;SPAN=341;SVTYPE=BND","GT:AD:DP:GQ:PL:SR:DR:LR:LO","0/1:10:20:20.9:27.5,0,20.9:10:0:-27.41:27.41","DEL"
"237","chr20",51875933,"79442008:2","G","]chr20:51875592]G",27,"PASS","EVDNC=ASSMB;HOMSEQ=GATTACAGGCATGAGCCAC;MAPQ=60;MATEID=79442008:1;MATENM=0;NM=1;NUMPARTS=2;SCTG=c_20_51866501_51891501_13C;SPAN=341;SVTYPE=BND","GT:AD:DP:GQ:PL:SR:DR:LR:LO","0/1:10:20:20.9:27.5,0,20.9:10:0:-27.41:27.41","DEL"
"238","chr20",52142667,"749500026:1","C","C[chr20:52144390[",49,"PASS","DISC_MAPQ=59;EVDNC=ASDIS;HOMSEQ=CAACATGGTGAAACCC;MAPQ=60;MATEID=749500026:2;MATENM=0;NM=0;NUMPARTS=2;SCTG=c_20_52136001_52161001_2C;SPAN=1723;SVTYPE=BND","GT:AD:DP:GQ:PL:SR:DR:LR:LO","1/1:17:8:4.5:49.5,4.5,0:16:5:-49.51:49.51","DEL"
"239","chr20",52144390,"749500026:2","C","]chr20:52142667]C",49,"PASS","DISC_MAPQ=56;EVDNC=ASDIS;HOMSEQ=CAACATGGTGAAACCC;MAPQ=60;MATEID=749500026:1;MATENM=0;NM=0;NUMPARTS=2;SCTG=c_20_52136001_52161001_2C;SPAN=1723;SVTYPE=BND","GT:AD:DP:GQ:PL:SR:DR:LR:LO","1/1:17:8:4.5:49.5,4.5,0:16:5:-49.51:49.51","DEL"
"240","chr20",54030531,"733339705:1","A","A[chr20:54041464[",27,"PASS","DISC_MAPQ=60;EVDNC=ASDIS;HOMSEQ=AGAAAA;MAPQ=60;MATEID=733339705:2;MATENM=0;NM=0;NUMPARTS=2;SCTG=c_20_54022501_54047501_12C;SPAN=10933;SVTYPE=BND","GT:AD:DP:GQ:PL:SR:DR:LR:LO","0/1:10:19:17.9:27.8,0,17.9:7:5:-27.73:27.73","DEL"
"241","chr20",54041464,"733339705:2","A","]chr20:54030531]A",27,"PASS","DISC_MAPQ=60;EVDNC=ASDIS;HOMSEQ=AGAAAA;MAPQ=60;MATEID=733339705:1;MATENM=0;NM=0;NUMPARTS=2;SCTG=c_20_54022501_54047501_12C;SPAN=10933;SVTYPE=BND","GT:AD:DP:GQ:PL:SR:DR:LR:LO","0/1:10:19:17.9:27.8,0,17.9:7:5:-27.73:27.73","DEL"
"242","chr20",54249713,"1057480410:1","T","T[chr20:54250804[",22,"PASS","EVDNC=ASSMB;HOMSEQ=GAGAGGGAATCTTTT;MAPQ=60;MATEID=1057480410:2;MATENM=3;NM=1;NUMPARTS=2;SCTG=c_20_54243001_54268001_18C;SPAN=1091;SVTYPE=BND","GT:AD:DP:GQ:PL:SR:DR:LR:LO","0/1:8:14:12.5:22.4,0,12.5:8:0:-22.62:22.62","DEL"
"243","chr20",54250804,"1057480410:2","G","]chr20:54249713]G",22,"PASS","EVDNC=ASSMB;HOMSEQ=GAGAGGGAATCTTTT;MAPQ=60;MATEID=1057480410:1;MATENM=1;NM=3;NUMPARTS=2;SCTG=c_20_54243001_54268001_18C;SPAN=1091;SVTYPE=BND","GT:AD:DP:GQ:PL:SR:DR:LR:LO","0/1:8:14:12.5:22.4,0,12.5:8:0:-22.62:22.62","DEL"
"244","chr20",54676126,"366500826:1","C","C[chr20:54676427[",39,"PASS","EVDNC=ASSMB;HOMSEQ=TGATTCCTAATTTC;MAPQ=60;MATEID=366500826:2;MATENM=2;NM=0;NUMPARTS=2;SCTG=c_20_54659501_54684501_17C;SPAN=301;SVTYPE=BND","GT:AD:DP:GQ:PL:SR:DR:LR:LO","1/1:13:7:3.6:39.6,3.6,0:13:0:-39.61:39.61","DEL"
"245","chr20",54676427,"366500826:2","T","]chr20:54676126]T",39,"PASS","EVDNC=ASSMB;HOMSEQ=TGATTCCTAATTTC;MAPQ=60;MATEID=366500826:1;MATENM=0;NM=2;NUMPARTS=2;SCTG=c_20_54659501_54684501_17C;SPAN=301;SVTYPE=BND","GT:AD:DP:GQ:PL:SR:DR:LR:LO","1/1:13:7:3.6:39.6,3.6,0:13:0:-39.61:39.61","DEL"
"246","chr20",58695017,"578124300:1","G","]chr20:58695395]G",22,"PASS","DISC_MAPQ=59;EVDNC=DSCRD;IMPRECISE;MAPQ=59;MATEID=578124300:2;MATENM=-1;NM=-1;NUMPARTS=0;SCTG=chr20:58695017(-)-chr20:58695395(+)__20_58677501_58702501D;SPAN=378;SVTYPE=BND","GT:AD:DP:GQ:PL:SR:DR:LR:LO","0/1:9:27:22.1:22.1,0,45.2:0:9:-22.12:22.58","DUP/INS"
"247","chr20",58695395,"578124300:2","C","C[chr20:58695017[",22,"PASS","DISC_MAPQ=21;EVDNC=DSCRD;IMPRECISE;MAPQ=21;MATEID=578124300:1;MATENM=-1;NM=-1;NUMPARTS=0;SCTG=chr20:58695017(-)-chr20:58695395(+)__20_58677501_58702501D;SPAN=378;SVTYPE=BND","GT:AD:DP:GQ:PL:SR:DR:LR:LO","0/1:9:27:22.1:22.1,0,45.2:0:9:-22.12:22.58","DUP/INS"
"248","chr20",61399124,"683962:1","T","T[chr20:61399432[",46,"PASS","EVDNC=ASSMB;HOMSEQ=AAAACCCACTTTTT;MAPQ=60;MATEID=683962:2;MATENM=2;NM=1;NUMPARTS=2;SCTG=c_20_61397001_61422001_1C;SPAN=308;SVTYPE=BND","GT:AD:DP:GQ:PL:SR:DR:LR:LO","1/1:15:9:4.2:46.2,4.2,0:15:0:-46.21:46.21","DEL"
"249","chr20",61399432,"683962:2","A","]chr20:61399124]A",46,"PASS","EVDNC=ASSMB;HOMSEQ=AAAACCCACTTTTT;MAPQ=60;MATEID=683962:1;MATENM=1;NM=2;NUMPARTS=2;SCTG=c_20_61397001_61422001_1C;SPAN=308;SVTYPE=BND","GT:AD:DP:GQ:PL:SR:DR:LR:LO","1/1:15:9:4.2:46.2,4.2,0:15:0:-46.21:46.21","DEL"
"250","chr20",62672898,"338228116:1","A","A[chr20:62673788[",19,"PASS","EVDNC=ASSMB;MAPQ=60;MATEID=338228116:2;MATENM=2;NM=1;NUMPARTS=2;SCTG=c_20_62671001_62696001_19C;SPAN=890;SVTYPE=BND","GT:AD:DP:GQ:PL:SR:DR:LR:LO","0/1:7:14:15.8:19.1,0,15.8:7:0:-19.19:19.19","DEL"
"251","chr20",62673788,"338228116:2","T","]chr20:62672898]T",19,"PASS","EVDNC=ASSMB;MAPQ=60;MATEID=338228116:1;MATENM=1;NM=2;NUMPARTS=2;SCTG=c_20_62671001_62696001_19C;SPAN=890;SVTYPE=BND","GT:AD:DP:GQ:PL:SR:DR:LR:LO","0/1:7:14:15.8:19.1,0,15.8:7:0:-19.19:19.19","DEL"
"252","chr20",62716517,"11061531:1","G","]chr20:62716615]G",12,"PASS","EVDNC=ASSMB;HOMSEQ=GCCTCCGTGAGTCTGTG;MAPQ=60;MATEID=11061531:2;MATENM=2;NM=3;NUMPARTS=2;SCTG=c_20_62695501_62720501_18C;SPAN=98;SVTYPE=BND","GT:AD:DP:GQ:PL:SR:DR:LR:LO","0/1:6:26:12.5:12.5,0,52.1:6:0:-12.5:13.91","DUP/INS"
"253","chr20",62716615,"11061531:2","G","G[chr20:62716517[",12,"PASS","EVDNC=ASSMB;HOMSEQ=GCCTCCGTGAGTCTGTG;MAPQ=60;MATEID=11061531:1;MATENM=3;NM=2;NUMPARTS=2;SCTG=c_20_62695501_62720501_18C;SPAN=98;SVTYPE=BND","GT:AD:DP:GQ:PL:SR:DR:LR:LO","0/1:6:26:12.5:12.5,0,52.1:6:0:-12.5:13.91","DUP/INS"
"254","chr20",63093346,"21777744:1","G","G[chr20:63094264[",39,"PASS","EVDNC=ASSMB;INSERTION=TCTGGCCGGGACCATCACG;MAPQ=60;MATEID=21777744:2;MATENM=0;NM=1;NUMPARTS=2;SCTG=c_20_63087501_63112501_1C;SPAN=918;SVTYPE=BND","GT:AD:DP:GQ:PL:SR:DR:LR:LO","1/1:13:16:0.9:39.6,0.9,0:13:0:-40.41:40.41","DEL"
"255","chr20",63094264,"21777744:2","C","]chr20:63093346]C",39,"PASS","EVDNC=ASSMB;INSERTION=TCTGGCCGGGACCATCACG;MAPQ=60;MATEID=21777744:1;MATENM=1;NM=0;NUMPARTS=2;SCTG=c_20_63087501_63112501_1C;SPAN=918;SVTYPE=BND","GT:AD:DP:GQ:PL:SR:DR:LR:LO","1/1:13:16:0.9:39.6,0.9,0:13:0:-40.41:40.41","DEL"
"256","chr20",63492072,"221833038:1","G","]chr20:63492989]G",40,"PASS","DISC_MAPQ=51;EVDNC=DSCRD;IMPRECISE;MAPQ=51;MATEID=221833038:2;MATENM=-1;NM=-1;NUMPARTS=0;SCTG=chr20:63492072(-)-chr20:63492989(+)__20_63479501_63504501D;SPAN=917;SVTYPE=BND","GT:AD:DP:GQ:PL:SR:DR:LR:LO","0/1:14:22:13.7:40.1,0,13.7:0:14:-40.63:40.63","DUP/INS"
"257","chr20",63492989,"221833038:2","A","A[chr20:63492072[",40,"PASS","DISC_MAPQ=20;EVDNC=DSCRD;IMPRECISE;MAPQ=20;MATEID=221833038:1;MATENM=-1;NM=-1;NUMPARTS=0;SCTG=chr20:63492072(-)-chr20:63492989(+)__20_63479501_63504501D;SPAN=917;SVTYPE=BND","GT:AD:DP:GQ:PL:SR:DR:LR:LO","0/1:14:22:13.7:40.1,0,13.7:0:14:-40.63:40.63","DUP/INS"
"258","chr20",63636191,"715293537:1","A","A[chr20:63636677[",30,"PASS","DISC_MAPQ=58;EVDNC=ASDIS;HOMSEQ=TCTCTACTAAAAATACAAAA;MAPQ=60;MATEID=715293537:2;MATENM=0;NM=0;NUMPARTS=2;SCTG=c_20_63626501_63651501_0C;SPAN=486;SVTYPE=BND","GT:AD:DP:GQ:PL:SR:DR:LR:LO","0/1:11:20:17.6:30.8,0,17.6:6:9:-30.82:30.82","DEL"
"259","chr20",63636677,"715293537:2","T","]chr20:63636191]T",30,"PASS","DISC_MAPQ=50;EVDNC=ASDIS;HOMSEQ=TCTCTACTAAAAATACAAAA;MAPQ=28;MATEID=715293537:1;MATENM=0;NM=0;NUMPARTS=2;SCTG=c_20_63626501_63651501_0C;SPAN=486;SVTYPE=BND","GT:AD:DP:GQ:PL:SR:DR:LR:LO","0/1:11:20:17.6:30.8,0,17.6:6:9:-30.82:30.82","DEL"
"260","chrX",82395786,"505965684:2","A","[chr20:11300936[A",42,"PASS","DISC_MAPQ=58;EVDNC=ASDIS;INSERTION=TTTAATACT;MAPQ=60;MATEID=505965684:1;MATENM=0;NM=2;NUMPARTS=2;SCTG=c_23_82393501_82418501_0C;SPAN=-1;SVTYPE=BND","GT:AD:DP:GQ:PL:SR:DR:LR:LO","1/1:14:4:3.9:42.9,3.9,0:11:8:-42.91:42.91","INV"
"261","chrM",0,"493524073:1","N","]chrM:16651]N",99,"PASS","DISC_MAPQ=52;EVDNC=DSCRD;IMPRECISE;MAPQ=52;MATEID=493524073:2;MATENM=-1;NM=-1;NUMPARTS=0;SCTG=chrM:0(-)-chrM:16651(+)__25_1_16569D;SPAN=16651;SVTYPE=BND","GT:AD:DP:GQ:PL:SR:DR:LR:LO","1/1:160:74:44.8:491.8,44.8,0:0:160:-491.8:491.8","DUP/INS"
"262","chrM",1,"714746897:1","G","]chrM:16569]G",99,"PASS","EVDNC=ASSMB;MAPQ=60;MATEID=714746897:2;MATENM=0;NM=2;NUMPARTS=2;SCTG=c_25_1_16569_11C;SPAN=16568;SVTYPE=BND","GT:AD:DP:GQ:PL:SR:DR:LR:LO","1/1:159:187:2.8:475.3,2.8,0:159:0:-502:502","DUP/INS"
"263","chrM",16569,"714746897:2","G","G[chrM:1[",99,"PASS","EVDNC=ASSMB;MAPQ=60;MATEID=714746897:1;MATENM=2;NM=0;NUMPARTS=2;SCTG=c_25_1_16569_11C;SPAN=16568;SVTYPE=BND","GT:AD:DP:GQ:PL:SR:DR:LR:LO","1/1:159:187:2.8:475.3,2.8,0:159:0:-502:502","DUP/INS"
"264","chrM",16651,"493524073:2","G","G[chrM:0[",99,"PASS","DISC_MAPQ=59;EVDNC=DSCRD;IMPRECISE;MAPQ=59;MATEID=493524073:1;MATENM=-1;NM=-1;NUMPARTS=0;SCTG=chrM:0(-)-chrM:16651(+)__25_1_16569D;SPAN=16651;SVTYPE=BND","GT:AD:DP:GQ:PL:SR:DR:LR:LO","1/1:160:74:44.8:491.8,44.8,0:0:160:-491.8:491.8","DUP/INS"
"265","chr17_KI270729v1_random",1905,"117435213:1","C","C[chr17_KI270729v1_random:4494[",23,"PASS","DISC_MAPQ=32;EVDNC=DSCRD;IMPRECISE;MAPQ=32;MATEID=117435213:2;MATENM=-1;NM=-1;NUMPARTS=0;SCTG=chr17_KI270729v1_random:1905(+)-chr17_KI270729v1_random:4494(-)__56_1_25001D;SPAN=2589;SVTYPE=BND","GT:AD:DP:GQ:PL:SR:DR:LR:LO","0/1:12:56:23.9:23.9,0,116.3:0:12:-23.87:27.39","DEL"
"266","chr17_KI270729v1_random",4494,"117435213:2","C","]chr17_KI270729v1_random:1905]C",23,"PASS","DISC_MAPQ=45;EVDNC=DSCRD;IMPRECISE;MAPQ=45;MATEID=117435213:1;MATENM=-1;NM=-1;NUMPARTS=0;SCTG=chr17_KI270729v1_random:1905(+)-chr17_KI270729v1_random:4494(-)__56_1_25001D;SPAN=2589;SVTYPE=BND","GT:AD:DP:GQ:PL:SR:DR:LR:LO","0/1:12:56:23.9:23.9,0,116.3:0:12:-23.87:27.39","DEL"
"267","chrUn_KI270467v1",1969,"652072407:1","A","]chrUn_KI270467v1:2761]A",16,"PASS","DISC_MAPQ=24;EVDNC=DSCRD;IMPRECISE;MAPQ=24;MATEID=652072407:2;MATENM=-1;NM=-1;NUMPARTS=0;SCTG=chrUn_KI270467v1:1969(-)-chrUn_KI270467v1:2761(+)__95_1_3920D;SPAN=792;SVTYPE=BND","GT:AD:DP:GQ:PL:SR:DR:LR:LO","0/1:15:119:16.1:16.1,0,283.4:0:15:-16.07:30.43","DUP/INS"
"268","chrUn_KI270467v1",2761,"652072407:2","T","T[chrUn_KI270467v1:1969[",16,"PASS","DISC_MAPQ=45;EVDNC=DSCRD;IMPRECISE;MAPQ=45;MATEID=652072407:1;MATENM=-1;NM=-1;NUMPARTS=0;SCTG=chrUn_KI270467v1:1969(-)-chrUn_KI270467v1:2761(+)__95_1_3920D;SPAN=792;SVTYPE=BND","GT:AD:DP:GQ:PL:SR:DR:LR:LO","0/1:15:119:16.1:16.1,0,283.4:0:15:-16.07:30.43","DUP/INS"
"269","chrUn_KI270438v1",104619,"744703113:1","A","]chrUn_KI270438v1:112276]A",0,"PASS","DISC_MAPQ=21;EVDNC=DSCRD;IMPRECISE;MAPQ=21;MATEID=744703113:2;MATENM=-1;NM=-1;NUMPARTS=0;SCTG=chrUn_KI270438v1:104619(-)-chrUn_KI270438v1:112276(+)__97_98001_112505D;SPAN=7657;SVTYPE=BND","GT:AD:DP:GQ:PL:SR:DR:LR:LO","0/0:9:435:92.4:0,92.4,1281:0:9:92.57:11.04","DUP/INS"
"270","chrUn_KI270438v1",112276,"744703113:2","A","A[chrUn_KI270438v1:104619[",0,"PASS","DISC_MAPQ=21;EVDNC=DSCRD;IMPRECISE;MAPQ=21;MATEID=744703113:1;MATENM=-1;NM=-1;NUMPARTS=0;SCTG=chrUn_KI270438v1:104619(-)-chrUn_KI270438v1:112276(+)__97_98001_112505D;SPAN=7657;SVTYPE=BND","GT:AD:DP:GQ:PL:SR:DR:LR:LO","0/0:9:435:92.4:0,92.4,1281:0:9:92.57:11.04","DUP/INS"
"271","chrEBV",7724,"439508967:1","A","[chrEBV:8029[A",28,"PASS","DISC_MAPQ=18;EVDNC=TSI_L;INSERTION=GCTAT;MAPQ=17;MATEID=439508967:2;MATENM=0;NM=31;NUMPARTS=3;REPSEQ=TATA;SCTG=c_456_1_25001_14C;SPAN=305;SVTYPE=BND","GT:AD:DP:GQ:PL:SR:DR:LR:LO","0/1:10:16:8.9:28.7,0,8.9:9:6:-28.89:28.89","INV"
"272","chrEBV",8029,"439508967:2","C","[chrEBV:7724[C",28,"PASS","DISC_MAPQ=60;EVDNC=TSI_L;INSERTION=GCTAT;MAPQ=60;MATEID=439508967:1;MATENM=31;NM=0;NUMPARTS=3;REPSEQ=TATA;SCTG=c_456_1_25001_14C;SPAN=305;SVTYPE=BND","GT:AD:DP:GQ:PL:SR:DR:LR:LO","0/1:10:16:8.9:28.7,0,8.9:9:6:-28.89:28.89","INV"
"273","chrEBV",139723,"883937913:1","C","C[chrEBV:151551[",23,"PASS","EVDNC=ASSMB;HOMSEQ=GGCC;MAPQ=60;MATEID=883937913:2;MATENM=0;NM=0;NUMPARTS=2;SCTG=c_456_122501_147501_2C;SPAN=11828;SVTYPE=BND","GT:AD:DP:GQ:PL:SR:DR:LR:LO","1/1:8:2:2.1:23.1,2.1,0:8:0:-23.11:23.11","DEL"
"274","chrEBV",151551,"883937913:2","G","]chrEBV:139723]G",23,"PASS","EVDNC=ASSMB;HOMSEQ=GGCC;MAPQ=60;MATEID=883937913:1;MATENM=0;NM=0;NUMPARTS=2;SCTG=c_456_122501_147501_2C;SPAN=11828;SVTYPE=BND","GT:AD:DP:GQ:PL:SR:DR:LR:LO","1/1:8:2:2.1:23.1,2.1,0:8:0:-23.11:23.11","DEL"
"275","chrUn_KN707691v1_decoy",4885,"814752534:2","T","T[chr20:4446666[",39,"PASS","EVDNC=ASSMB;MAPQ=60;MATEID=814752534:1;MATENM=1;NM=0;NUMPARTS=2;SCTG=c_20_4434501_4459501_11C;SPAN=-1;SVTYPE=BND","GT:AD:DP:GQ:PL:SR:DR:LR:LO","1/1:13:6:3.6:39.6,3.6,0:13:0:-39.61:39.61","DUP/INS"
"276","chrUn_KN707766v1_decoy",1,"84440905:2","T","[chr1:28353524[T",33,"PASS","DISC_MAPQ=255;EVDNC=ASDIS;MAPQ=60;MATEID=84440905:1;MATENM=2;NM=0;NUMPARTS=2;SCTG=c_1_28346501_28371501_17C;SPAN=-1;SVTYPE=BND","GT:AD:DP:GQ:PL:SR:DR:LR:LO","1/1:11:10:3:33,3,0:8:5:-33.01:33.01","INV"
"277","chrUn_KN707766v1_decoy",1,"335124433:2","T","[chr1:28353524[T",29,"PASS","DISC_MAPQ=60;EVDNC=ASDIS;MAPQ=60;MATEID=335124433:1;MATENM=0;NM=0;NUMPARTS=2;SCTG=c_617_1_2303_0C;SPAN=-1;SVTYPE=BND","GT:AD:DP:GQ:PL:SR:DR:LR:LO","1/1:10:2:2.7:29.7,2.7,0:6:7:-29.71:29.71","INV"
"278","chrUn_KN707773v1_decoy",1,"651794315:2","G","]chr20:13951577]G",49,"PASS","DISC_MAPQ=255;EVDNC=ASDIS;MAPQ=60;MATEID=651794315:1;MATENM=4;NM=0;NUMPARTS=2;SCTG=c_20_13940501_13965501_14C;SPAN=-1;SVTYPE=BND","GT:AD:DP:GQ:PL:SR:DR:LR:LO","1/1:17:11:4.5:49.5,4.5,0:12:6:-49.51:49.51","DEL"
"279","chrUn_JTFH01000605v1_decoy",968,"927828529:2","C","C[chr20:30594240[",33,"PASS","EVDNC=ASSMB;HOMSEQ=GC;MAPQ=60;MATEID=927828529:1;MATENM=0;NM=1;NUMPARTS=2;SCTG=c_1448_1_1389_0C;SPAN=-1;SVTYPE=BND","GT:AD:DP:GQ:PL:SR:DR:LR:LO","1/1:11:3:3:33,3,0:11:0:-33.01:33.01","DUP/INS"
"280","chrUn_JTFH01000866v1_decoy",1,"546603632:2","T","]chr20:25601610]T",29,"PASS","DISC_MAPQ=255;EVDNC=ASDIS;HOMSEQ=TACAACCCTTCTAGACACACCCAGTGTGACATGCACACCCCCTACACACA;MAPQ=60;MATEID=546603632:1;MATENM=1;NM=0;NUMPARTS=2;SCTG=c_20_25578001_25603001_3C;SPAN=-1;SVTYPE=BND","GT:AD:DP:GQ:PL:SR:DR:LR:LO","1/1:10:5:2.7:29.7,2.7,0:5:6:-29.71:29.71","DEL"
